resource_id,bolge_id,miktar,dagitim_turu,tarih,sorumlu_ekip_id,created_at,updated_at
9,5,13,rutin,2025-01-11,14,2025-12-25 18:56:55.416486,2025-12-25 18:56:55.416486
30,8,7,acil,2025-01-20,9,2025-12-25 18:56:55.416486,2025-12-25 18:56:55.416486
7,9,1,planli,2025-06-05,6,2025-12-25 18:56:55.416486,2025-12-25 18:56:55.416486
10,10,7,rutin,2025-02-22,9,2025-12-25 18:56:55.416486,2025-12-25 18:56:55.416486
5,9,6,iade,2025-02-23,16,2025-12-25 18:56:55.416486,2025-12-25 18:56:55.416486
20,10,3,rutin,2025-04-04,8,2025-12-25 18:56:55.416486,2025-12-25 18:56:55.416486
28,5,5,planli,2025-05-05,13,2025-12-25 18:56:55.416486,2025-12-25 18:56:55.416486
9,8,13,ilk_mudahale,2025-01-06,13,2025-12-25 18:56:55.416486,2025-12-25 18:56:55.416486
2,6,18,rutin,2025-06-21,13,2025-12-25 18:56:55.416486,2025-12-25 18:56:55.416486
30,3,8,planli,2025-03-23,19,2025-12-25 18:56:55.416486,2025-12-25 18:56:55.416486
26,1,8,acil,2025-03-25,17,2025-12-25 18:56:55.416486,2025-12-25 18:56:55.416486
16,5,9,rutin,2025-04-02,11,2025-12-25 18:56:55.416486,2025-12-25 18:56:55.416486
28,9,14,acil,2025-04-22,12,2025-12-25 18:56:55.416486,2025-12-25 18:56:55.416486
16,8,4,rutin,2025-01-03,8,2025-12-25 18:56:55.416486,2025-12-25 18:56:55.416486
1,2,5,ilk_mudahale,2025-02-21,20,2025-12-25 18:56:55.416486,2025-12-25 18:56:55.416486
21,1,8,rutin,2025-03-04,11,2025-12-25 18:56:55.416486,2025-12-25 18:56:55.416486
4,1,18,acil,2025-03-30,4,2025-12-25 18:56:55.416486,2025-12-25 18:56:55.416486
6,5,13,iade,2025-01-18,9,2025-12-25 18:56:55.416486,2025-12-25 18:56:55.416486
19,1,16,rutin,2025-01-21,1,2025-12-25 18:56:55.416486,2025-12-25 18:56:55.416486
16,2,14,planli,2025-05-04,4,2025-12-25 18:56:55.416486,2025-12-25 18:56:55.416486
22,4,17,acil,2025-06-22,17,2025-12-25 18:56:55.416486,2025-12-25 18:56:55.416486
19,5,10,acil,2025-05-05,15,2025-12-25 18:56:55.416486,2025-12-25 18:56:55.416486
4,7,19,planli,2025-05-20,15,2025-12-25 18:56:55.416486,2025-12-25 18:56:55.416486
27,8,12,ilk_mudahale,2025-04-03,11,2025-12-25 18:56:55.416486,2025-12-25 18:56:55.416486
5,2,4,rutin,2025-02-06,10,2025-12-25 18:56:55.416486,2025-12-25 18:56:55.416486
12,2,19,ilk_mudahale,2025-05-09,1,2025-12-25 18:56:55.416486,2025-12-25 18:56:55.416486
23,8,9,planli,2025-05-16,13,2025-12-25 18:56:55.416486,2025-12-25 18:56:55.416486
30,10,5,ilk_mudahale,2025-03-22,12,2025-12-25 18:56:55.416486,2025-12-25 18:56:55.416486
8,10,15,acil,2025-04-17,9,2025-12-25 18:56:55.416486,2025-12-25 18:56:55.416486
21,4,3,acil,2025-01-17,4,2025-12-25 18:56:55.416486,2025-12-25 18:56:55.416486
16,8,6,iade,2025-06-24,8,2025-12-25 18:56:55.416486,2025-12-25 18:56:55.416486
9,8,14,rutin,2025-05-08,18,2025-12-25 18:56:55.416486,2025-12-25 18:56:55.416486
21,9,18,acil,2025-03-01,10,2025-12-25 18:56:55.416486,2025-12-25 18:56:55.416486
8,5,1,rutin,2025-04-27,6,2025-12-25 18:56:55.416486,2025-12-25 18:56:55.416486
3,3,8,rutin,2025-01-22,11,2025-12-25 18:56:55.416486,2025-12-25 18:56:55.416486
23,9,11,planli,2025-02-03,3,2025-12-25 18:56:55.416486,2025-12-25 18:56:55.416486
20,3,14,rutin,2025-05-29,11,2025-12-25 18:56:55.416486,2025-12-25 18:56:55.416486
14,2,15,rutin,2025-03-06,13,2025-12-25 18:56:55.416486,2025-12-25 18:56:55.416486
25,5,7,acil,2025-05-03,18,2025-12-25 18:56:55.416486,2025-12-25 18:56:55.416486
3,8,1,planli,2025-01-20,14,2025-12-25 18:56:55.416486,2025-12-25 18:56:55.416486
30,3,3,rutin,2025-05-28,9,2025-12-25 18:56:55.416486,2025-12-25 18:56:55.416486
24,3,6,ilk_mudahale,2025-05-30,16,2025-12-25 18:56:55.416486,2025-12-25 18:56:55.416486
14,4,13,planli,2025-03-18,9,2025-12-25 18:56:55.416486,2025-12-25 18:56:55.416486
5,3,19,acil,2025-06-23,9,2025-12-25 18:56:55.416486,2025-12-25 18:56:55.416486
3,1,16,planli,2025-05-09,10,2025-12-25 18:56:55.416486,2025-12-25 18:56:55.416486
16,9,4,acil,2025-04-28,16,2025-12-25 18:56:55.416486,2025-12-25 18:56:55.416486
26,7,8,acil,2025-06-09,19,2025-12-25 18:56:55.416486,2025-12-25 18:56:55.416486
4,7,12,rutin,2025-06-21,10,2025-12-25 18:56:55.416486,2025-12-25 18:56:55.416486
30,1,15,acil,2025-05-09,16,2025-12-25 18:56:55.416486,2025-12-25 18:56:55.416486
27,3,10,ilk_mudahale,2025-05-06,4,2025-12-25 18:56:55.416486,2025-12-25 18:56:55.416486
10,1,16,planli,2025-06-17,10,2025-12-25 18:56:55.416486,2025-12-25 18:56:55.416486
10,9,17,rutin,2025-02-15,11,2025-12-25 18:56:55.416486,2025-12-25 18:56:55.416486
23,9,10,rutin,2025-05-13,9,2025-12-25 18:56:55.416486,2025-12-25 18:56:55.416486
3,2,19,acil,2025-06-11,13,2025-12-25 18:56:55.416486,2025-12-25 18:56:55.416486
20,1,12,ilk_mudahale,2025-02-04,6,2025-12-25 18:56:55.416486,2025-12-25 18:56:55.416486
28,9,7,acil,2025-01-20,14,2025-12-25 18:56:55.416486,2025-12-25 18:56:55.416486
10,6,12,acil,2025-01-10,1,2025-12-25 18:56:55.416486,2025-12-25 18:56:55.416486
14,4,2,iade,2025-03-21,4,2025-12-25 18:56:55.416486,2025-12-25 18:56:55.416486
11,2,4,rutin,2025-02-28,12,2025-12-25 18:56:55.416486,2025-12-25 18:56:55.416486
22,10,12,acil,2025-05-31,18,2025-12-25 18:56:55.416486,2025-12-25 18:56:55.416486
4,4,8,planli,2025-02-10,9,2025-12-25 18:56:55.416486,2025-12-25 18:56:55.416486
17,6,19,ilk_mudahale,2025-06-19,8,2025-12-25 18:56:55.416486,2025-12-25 18:56:55.416486
3,1,10,ilk_mudahale,2025-01-12,18,2025-12-25 18:56:55.416486,2025-12-25 18:56:55.416486
3,7,5,rutin,2025-06-11,4,2025-12-25 18:56:55.416486,2025-12-25 18:56:55.416486
26,10,16,rutin,2025-05-29,4,2025-12-25 18:56:55.416486,2025-12-25 18:56:55.416486
27,9,6,rutin,2025-06-06,16,2025-12-25 18:56:55.416486,2025-12-25 18:56:55.416486
18,3,14,ilk_mudahale,2025-04-12,3,2025-12-25 18:56:55.416486,2025-12-25 18:56:55.416486
1,7,7,ilk_mudahale,2025-04-06,2,2025-12-25 18:56:55.416486,2025-12-25 18:56:55.416486
15,5,2,acil,2025-04-18,5,2025-12-25 18:56:55.416486,2025-12-25 18:56:55.416486
1,10,11,acil,2025-05-18,20,2025-12-25 18:56:55.416486,2025-12-25 18:56:55.416486
15,3,16,planli,2025-01-10,10,2025-12-25 18:56:55.416486,2025-12-25 18:56:55.416486
16,6,11,ilk_mudahale,2025-04-06,1,2025-12-25 18:56:55.416486,2025-12-25 18:56:55.416486
17,2,17,rutin,2025-01-31,12,2025-12-25 18:56:55.416486,2025-12-25 18:56:55.416486
20,4,11,rutin,2025-01-03,20,2025-12-25 18:56:55.416486,2025-12-25 18:56:55.416486
8,4,13,acil,2025-03-11,18,2025-12-25 18:56:55.416486,2025-12-25 18:56:55.416486
4,8,4,acil,2025-06-20,3,2025-12-25 18:56:55.416486,2025-12-25 18:56:55.416486
13,7,13,acil,2025-04-27,18,2025-12-25 18:56:55.416486,2025-12-25 18:56:55.416486
16,4,15,planli,2025-02-21,16,2025-12-25 18:56:55.416486,2025-12-25 18:56:55.416486
8,6,18,acil,2025-01-17,4,2025-12-25 18:56:55.416486,2025-12-25 18:56:55.416486
11,7,10,rutin,2025-01-01,11,2025-12-25 18:56:55.416486,2025-12-25 18:56:55.416486
25,5,4,rutin,2025-05-28,2,2025-12-25 18:56:55.416486,2025-12-25 18:56:55.416486
27,8,7,rutin,2025-04-03,10,2025-12-25 18:56:55.416486,2025-12-25 18:56:55.416486
30,10,2,rutin,2025-01-24,7,2025-12-25 18:56:55.416486,2025-12-25 18:56:55.416486
1,6,18,ilk_mudahale,2025-05-12,2,2025-12-25 18:56:55.416486,2025-12-25 18:56:55.416486
5,1,6,ilk_mudahale,2025-02-27,2,2025-12-25 18:56:55.416486,2025-12-25 18:56:55.416486
6,9,17,rutin,2025-02-06,19,2025-12-25 18:56:55.416486,2025-12-25 18:56:55.416486
15,8,16,planli,2025-04-22,16,2025-12-25 18:56:55.416486,2025-12-25 18:56:55.416486
12,8,15,acil,2025-05-01,7,2025-12-25 18:56:55.416486,2025-12-25 18:56:55.416486
30,8,5,ilk_mudahale,2025-01-21,8,2025-12-25 18:56:55.416486,2025-12-25 18:56:55.416486
3,6,19,ilk_mudahale,2025-06-16,19,2025-12-25 18:56:55.416486,2025-12-25 18:56:55.416486
2,6,18,rutin,2025-03-23,18,2025-12-25 18:56:55.416486,2025-12-25 18:56:55.416486
5,1,15,ilk_mudahale,2025-03-11,2,2025-12-25 18:56:55.416486,2025-12-25 18:56:55.416486
27,2,1,acil,2025-01-31,7,2025-12-25 18:56:55.416486,2025-12-25 18:56:55.416486
20,3,14,planli,2025-04-13,9,2025-12-25 18:56:55.416486,2025-12-25 18:56:55.416486
14,8,13,ilk_mudahale,2025-04-24,13,2025-12-25 18:56:55.416486,2025-12-25 18:56:55.416486
25,5,1,rutin,2025-04-01,8,2025-12-25 18:56:55.416486,2025-12-25 18:56:55.416486
18,8,12,rutin,2025-04-08,15,2025-12-25 18:56:55.416486,2025-12-25 18:56:55.416486
28,8,16,rutin,2025-01-29,5,2025-12-25 18:56:55.416486,2025-12-25 18:56:55.416486
16,5,1,planli,2025-01-01,8,2025-12-25 18:56:55.416486,2025-12-25 18:56:55.416486
5,10,10,planli,2025-02-05,12,2025-12-25 18:56:55.416486,2025-12-25 18:56:55.416486
8,9,1,acil,2025-04-09,12,2025-12-25 18:56:55.416486,2025-12-25 18:56:55.416486
13,1,8,acil,2025-05-21,14,2025-12-25 18:56:55.416486,2025-12-25 18:56:55.416486
2,4,6,rutin,2025-02-10,16,2025-12-25 18:56:55.416486,2025-12-25 18:56:55.416486
4,2,9,acil,2025-04-25,15,2025-12-25 18:56:55.416486,2025-12-25 18:56:55.416486
24,10,9,acil,2025-06-28,3,2025-12-25 18:56:55.416486,2025-12-25 18:56:55.416486
19,9,3,planli,2025-05-29,6,2025-12-25 18:56:55.416486,2025-12-25 18:56:55.416486
22,5,1,ilk_mudahale,2025-05-15,3,2025-12-25 18:56:55.416486,2025-12-25 18:56:55.416486
4,1,9,ilk_mudahale,2025-06-23,9,2025-12-25 18:56:55.416486,2025-12-25 18:56:55.416486
15,10,16,acil,2025-05-16,19,2025-12-25 18:56:55.416486,2025-12-25 18:56:55.416486
7,2,11,rutin,2025-04-21,4,2025-12-25 18:56:55.416486,2025-12-25 18:56:55.416486
24,3,9,rutin,2025-04-26,11,2025-12-25 18:56:55.416486,2025-12-25 18:56:55.416486
22,10,13,acil,2025-03-11,10,2025-12-25 18:56:55.416486,2025-12-25 18:56:55.416486
5,5,13,acil,2025-04-16,4,2025-12-25 18:56:55.416486,2025-12-25 18:56:55.416486
8,9,9,planli,2025-05-04,17,2025-12-25 18:56:55.416486,2025-12-25 18:56:55.416486
8,6,4,acil,2025-02-06,12,2025-12-25 18:56:55.416486,2025-12-25 18:56:55.416486
20,9,17,acil,2025-03-07,20,2025-12-25 18:56:55.416486,2025-12-25 18:56:55.416486
5,4,1,rutin,2025-05-23,12,2025-12-25 18:56:55.416486,2025-12-25 18:56:55.416486
26,8,3,acil,2025-01-23,12,2025-12-25 18:56:55.416486,2025-12-25 18:56:55.416486
1,4,18,rutin,2025-03-05,18,2025-12-25 18:56:55.416486,2025-12-25 18:56:55.416486
20,3,13,rutin,2025-01-05,1,2025-12-25 18:56:55.416486,2025-12-25 18:56:55.416486
2,8,2,rutin,2025-02-06,15,2025-12-25 18:56:55.416486,2025-12-25 18:56:55.416486
26,4,9,ilk_mudahale,2025-06-18,18,2025-12-25 18:56:55.416486,2025-12-25 18:56:55.416486
22,2,16,rutin,2025-02-17,5,2025-12-25 18:56:55.416486,2025-12-25 18:56:55.416486
22,7,13,rutin,2025-02-16,13,2025-12-25 18:56:55.416486,2025-12-25 18:56:55.416486
2,8,13,rutin,2025-06-22,12,2025-12-25 18:56:55.416486,2025-12-25 18:56:55.416486
30,6,17,rutin,2025-06-12,11,2025-12-25 18:56:55.416486,2025-12-25 18:56:55.416486
22,9,1,acil,2025-04-25,3,2025-12-25 18:56:55.416486,2025-12-25 18:56:55.416486
10,1,4,acil,2025-04-27,14,2025-12-25 18:56:55.416486,2025-12-25 18:56:55.416486
3,9,19,acil,2025-02-13,5,2025-12-25 18:56:55.416486,2025-12-25 18:56:55.416486
8,10,15,planli,2025-06-28,19,2025-12-25 18:56:55.416486,2025-12-25 18:56:55.416486
12,8,4,iade,2025-03-19,5,2025-12-25 18:56:55.416486,2025-12-25 18:56:55.416486
30,4,15,rutin,2025-03-28,1,2025-12-25 18:56:55.416486,2025-12-25 18:56:55.416486
29,2,15,rutin,2025-03-26,19,2025-12-25 18:56:55.416486,2025-12-25 18:56:55.416486
3,8,5,ilk_mudahale,2025-06-01,6,2025-12-25 18:56:55.416486,2025-12-25 18:56:55.416486
29,2,5,ilk_mudahale,2025-02-17,4,2025-12-25 18:56:55.416486,2025-12-25 18:56:55.416486
2,5,1,planli,2025-02-22,19,2025-12-25 18:56:55.416486,2025-12-25 18:56:55.416486
6,5,6,rutin,2025-06-10,10,2025-12-25 18:56:55.416486,2025-12-25 18:56:55.416486
16,9,11,ilk_mudahale,2025-04-14,6,2025-12-25 18:56:55.416486,2025-12-25 18:56:55.416486
20,9,11,acil,2025-02-03,12,2025-12-25 18:56:55.416486,2025-12-25 18:56:55.416486
1,1,12,iade,2025-01-13,15,2025-12-25 18:56:55.416486,2025-12-25 18:56:55.416486
11,7,19,rutin,2025-02-25,14,2025-12-25 18:56:55.416486,2025-12-25 18:56:55.416486
25,6,6,ilk_mudahale,2025-01-14,12,2025-12-25 18:56:55.416486,2025-12-25 18:56:55.416486
10,10,13,acil,2025-01-26,7,2025-12-25 18:56:55.416486,2025-12-25 18:56:55.416486
25,8,2,acil,2025-06-22,12,2025-12-25 18:56:55.416486,2025-12-25 18:56:55.416486
8,4,15,rutin,2025-05-07,15,2025-12-25 18:56:55.416486,2025-12-25 18:56:55.416486
20,2,8,rutin,2025-03-30,8,2025-12-25 18:56:55.416486,2025-12-25 18:56:55.416486
8,4,1,ilk_mudahale,2025-03-24,6,2025-12-25 18:56:55.416486,2025-12-25 18:56:55.416486
30,7,6,ilk_mudahale,2025-02-23,14,2025-12-25 18:56:55.416486,2025-12-25 18:56:55.416486
21,1,16,rutin,2025-01-15,8,2025-12-25 18:56:55.416486,2025-12-25 18:56:55.416486
14,2,11,acil,2025-03-22,16,2025-12-25 18:56:55.416486,2025-12-25 18:56:55.416486
6,10,13,rutin,2025-03-24,8,2025-12-25 18:56:55.416486,2025-12-25 18:56:55.416486
20,4,3,rutin,2025-03-01,10,2025-12-25 18:56:55.416486,2025-12-25 18:56:55.416486
11,2,19,ilk_mudahale,2025-03-17,16,2025-12-25 18:56:55.416486,2025-12-25 18:56:55.416486
28,8,10,rutin,2025-04-10,3,2025-12-25 18:56:55.416486,2025-12-25 18:56:55.416486
17,3,11,rutin,2025-03-28,4,2025-12-25 18:56:55.416486,2025-12-25 18:56:55.416486
26,3,18,rutin,2025-06-01,17,2025-12-25 18:56:55.416486,2025-12-25 18:56:55.416486
10,3,15,acil,2025-04-01,14,2025-12-25 18:56:55.416486,2025-12-25 18:56:55.416486
9,8,10,planli,2025-01-04,12,2025-12-25 18:56:55.416486,2025-12-25 18:56:55.416486
5,1,8,acil,2025-02-03,12,2025-12-25 18:56:55.416486,2025-12-25 18:56:55.416486
15,9,17,ilk_mudahale,2025-06-27,8,2025-12-25 18:56:55.416486,2025-12-25 18:56:55.416486
1,7,3,planli,2025-03-17,16,2025-12-25 18:56:55.416486,2025-12-25 18:56:55.416486
8,10,16,ilk_mudahale,2025-06-17,19,2025-12-25 18:56:55.416486,2025-12-25 18:56:55.416486
17,9,4,acil,2025-06-22,3,2025-12-25 18:56:55.416486,2025-12-25 18:56:55.416486
7,7,9,rutin,2025-04-04,15,2025-12-25 18:56:55.416486,2025-12-25 18:56:55.416486
2,10,13,acil,2025-04-27,7,2025-12-25 18:56:55.416486,2025-12-25 18:56:55.416486
13,10,12,planli,2025-06-05,5,2025-12-25 18:56:55.416486,2025-12-25 18:56:55.416486
16,7,4,planli,2025-03-09,9,2025-12-25 18:56:55.416486,2025-12-25 18:56:55.416486
27,5,2,ilk_mudahale,2025-05-08,20,2025-12-25 18:56:55.416486,2025-12-25 18:56:55.416486
24,3,11,acil,2025-02-19,1,2025-12-25 18:56:55.416486,2025-12-25 18:56:55.416486
27,1,7,iade,2025-02-14,16,2025-12-25 18:56:55.416486,2025-12-25 18:56:55.416486
15,9,16,rutin,2025-05-10,4,2025-12-25 18:56:55.416486,2025-12-25 18:56:55.416486
16,2,3,rutin,2025-05-26,20,2025-12-25 18:56:55.416486,2025-12-25 18:56:55.416486
16,1,3,acil,2025-02-23,2,2025-12-25 18:56:55.416486,2025-12-25 18:56:55.416486
29,8,14,acil,2025-01-04,19,2025-12-25 18:56:55.416486,2025-12-25 18:56:55.416486
6,5,14,rutin,2025-01-25,12,2025-12-25 18:56:55.416486,2025-12-25 18:56:55.416486
7,9,7,rutin,2025-02-08,6,2025-12-25 18:56:55.416486,2025-12-25 18:56:55.416486
17,2,7,planli,2025-02-08,1,2025-12-25 18:56:55.416486,2025-12-25 18:56:55.416486
23,9,1,rutin,2025-06-03,12,2025-12-25 18:56:55.416486,2025-12-25 18:56:55.416486
18,7,10,acil,2025-04-08,20,2025-12-25 18:56:55.416486,2025-12-25 18:56:55.416486
18,6,19,rutin,2025-03-19,12,2025-12-25 18:56:55.416486,2025-12-25 18:56:55.416486
20,2,3,rutin,2025-02-19,16,2025-12-25 18:56:55.416486,2025-12-25 18:56:55.416486
5,1,17,rutin,2025-04-13,4,2025-12-25 18:56:55.416486,2025-12-25 18:56:55.416486
11,7,15,acil,2025-03-14,20,2025-12-25 18:56:55.416486,2025-12-25 18:56:55.416486
18,3,1,ilk_mudahale,2025-05-03,11,2025-12-25 18:56:55.416486,2025-12-25 18:56:55.416486
25,9,4,rutin,2025-04-05,10,2025-12-25 18:56:55.416486,2025-12-25 18:56:55.416486
22,8,15,ilk_mudahale,2025-03-24,1,2025-12-25 18:56:55.416486,2025-12-25 18:56:55.416486
23,9,4,rutin,2025-05-06,14,2025-12-25 18:56:55.416486,2025-12-25 18:56:55.416486
8,1,6,acil,2025-02-28,1,2025-12-25 18:56:55.416486,2025-12-25 18:56:55.416486
21,10,4,acil,2025-05-24,18,2025-12-25 18:56:55.416486,2025-12-25 18:56:55.416486
16,5,10,ilk_mudahale,2025-06-10,1,2025-12-25 18:56:55.416486,2025-12-25 18:56:55.416486
20,2,6,iade,2025-05-26,5,2025-12-25 18:56:55.416486,2025-12-25 18:56:55.416486
10,2,6,rutin,2025-03-12,20,2025-12-25 18:56:55.416486,2025-12-25 18:56:55.416486
25,10,12,ilk_mudahale,2025-03-26,10,2025-12-25 18:56:55.416486,2025-12-25 18:56:55.416486
26,2,16,planli,2025-05-26,19,2025-12-25 18:56:55.416486,2025-12-25 18:56:55.416486
8,5,8,acil,2025-06-05,13,2025-12-25 18:56:55.416486,2025-12-25 18:56:55.416486
13,10,18,ilk_mudahale,2025-02-26,20,2025-12-25 18:56:55.416486,2025-12-25 18:56:55.416486
16,5,12,planli,2025-06-08,2,2025-12-25 18:56:55.416486,2025-12-25 18:56:55.416486
13,3,4,acil,2025-03-13,19,2025-12-25 18:56:55.416486,2025-12-25 18:56:55.416486
9,4,11,acil,2025-06-22,20,2025-12-25 18:56:55.416486,2025-12-25 18:56:55.416486
28,8,2,rutin,2025-01-01,13,2025-12-25 18:56:55.416486,2025-12-25 18:56:55.416486
21,1,16,rutin,2025-05-18,12,2025-12-25 18:56:55.416486,2025-12-25 18:56:55.416486
6,2,2,ilk_mudahale,2025-06-09,10,2025-12-25 18:56:55.416486,2025-12-25 18:56:55.416486
17,4,5,planli,2025-04-04,20,2025-12-25 18:56:55.416486,2025-12-25 18:56:55.416486
25,7,3,ilk_mudahale,2025-01-04,19,2025-12-25 18:56:55.416486,2025-12-25 18:56:55.416486
15,7,10,planli,2025-05-16,5,2025-12-25 18:56:55.416486,2025-12-25 18:56:55.416486
10,10,7,ilk_mudahale,2025-03-24,9,2025-12-25 18:56:55.416486,2025-12-25 18:56:55.416486
20,8,8,acil,2025-02-08,14,2025-12-25 18:56:55.416486,2025-12-25 18:56:55.416486
11,1,3,ilk_mudahale,2025-05-08,19,2025-12-25 18:56:55.416486,2025-12-25 18:56:55.416486
17,1,19,acil,2025-03-15,13,2025-12-25 18:56:55.416486,2025-12-25 18:56:55.416486
27,10,18,ilk_mudahale,2025-06-15,19,2025-12-25 18:56:55.416486,2025-12-25 18:56:55.416486
4,2,13,acil,2025-04-16,13,2025-12-25 18:56:55.416486,2025-12-25 18:56:55.416486
23,6,14,acil,2025-06-26,1,2025-12-25 18:56:55.416486,2025-12-25 18:56:55.416486
30,6,9,rutin,2025-04-20,4,2025-12-25 18:56:55.416486,2025-12-25 18:56:55.416486
10,1,17,rutin,2025-02-07,17,2025-12-25 18:56:55.416486,2025-12-25 18:56:55.416486
21,4,17,rutin,2025-05-09,14,2025-12-25 18:56:55.416486,2025-12-25 18:56:55.416486
28,1,5,acil,2025-01-08,15,2025-12-25 18:56:55.416486,2025-12-25 18:56:55.416486
3,5,12,iade,2025-05-07,7,2025-12-25 18:56:55.416486,2025-12-25 18:56:55.416486
20,9,17,acil,2025-03-13,11,2025-12-25 18:56:55.416486,2025-12-25 18:56:55.416486
17,4,10,acil,2025-01-26,11,2025-12-25 18:56:55.416486,2025-12-25 18:56:55.416486
3,7,9,rutin,2025-04-21,15,2025-12-25 18:56:55.416486,2025-12-25 18:56:55.416486
13,2,5,rutin,2025-04-28,16,2025-12-25 18:56:55.416486,2025-12-25 18:56:55.416486
22,6,15,rutin,2025-03-14,4,2025-12-25 18:56:55.416486,2025-12-25 18:56:55.416486
18,7,14,acil,2025-06-20,12,2025-12-25 18:56:55.416486,2025-12-25 18:56:55.416486
16,3,8,planli,2025-01-30,17,2025-12-25 18:56:55.416486,2025-12-25 18:56:55.416486
28,7,7,ilk_mudahale,2025-03-21,4,2025-12-25 18:56:55.416486,2025-12-25 18:56:55.416486
28,7,7,planli,2025-03-24,14,2025-12-25 18:56:55.416486,2025-12-25 18:56:55.416486
2,7,8,ilk_mudahale,2025-05-25,17,2025-12-25 18:56:55.416486,2025-12-25 18:56:55.416486
17,10,18,rutin,2025-06-09,2,2025-12-25 18:56:55.416486,2025-12-25 18:56:55.416486
21,2,19,planli,2025-02-06,10,2025-12-25 18:56:55.416486,2025-12-25 18:56:55.416486
12,2,2,ilk_mudahale,2025-02-06,11,2025-12-25 18:56:55.416486,2025-12-25 18:56:55.416486
12,7,8,planli,2025-04-26,3,2025-12-25 18:56:55.416486,2025-12-25 18:56:55.416486
25,7,16,rutin,2025-06-14,6,2025-12-25 18:56:55.416486,2025-12-25 18:56:55.416486
22,6,10,rutin,2025-02-06,18,2025-12-25 18:56:55.416486,2025-12-25 18:56:55.416486
6,1,15,acil,2025-06-27,19,2025-12-25 18:56:55.416486,2025-12-25 18:56:55.416486
21,10,16,planli,2025-01-12,19,2025-12-25 18:56:55.416486,2025-12-25 18:56:55.416486
6,9,4,acil,2025-01-24,9,2025-12-25 18:56:55.416486,2025-12-25 18:56:55.416486
16,10,11,iade,2025-05-24,8,2025-12-25 18:56:55.416486,2025-12-25 18:56:55.416486
25,6,14,planli,2025-05-25,9,2025-12-25 18:56:55.416486,2025-12-25 18:56:55.416486
8,8,9,rutin,2025-06-09,14,2025-12-25 18:56:55.416486,2025-12-25 18:56:55.416486
12,6,14,rutin,2025-02-03,8,2025-12-25 18:56:55.416486,2025-12-25 18:56:55.416486
19,9,16,ilk_mudahale,2025-05-20,20,2025-12-25 18:56:55.416486,2025-12-25 18:56:55.416486
24,5,12,rutin,2025-05-23,8,2025-12-25 18:56:55.416486,2025-12-25 18:56:55.416486
22,7,14,acil,2025-01-26,5,2025-12-25 18:56:55.416486,2025-12-25 18:56:55.416486
15,9,16,rutin,2025-03-03,14,2025-12-25 18:56:55.416486,2025-12-25 18:56:55.416486
8,7,9,acil,2025-02-19,12,2025-12-25 18:56:55.416486,2025-12-25 18:56:55.416486
30,10,19,rutin,2025-02-05,14,2025-12-25 18:56:55.416486,2025-12-25 18:56:55.416486
2,2,5,ilk_mudahale,2025-06-29,16,2025-12-25 18:56:55.416486,2025-12-25 18:56:55.416486
1,9,16,ilk_mudahale,2025-06-05,10,2025-12-25 18:56:55.416486,2025-12-25 18:56:55.416486
3,4,5,ilk_mudahale,2025-05-27,4,2025-12-25 18:56:55.416486,2025-12-25 18:56:55.416486
11,3,3,rutin,2025-06-09,1,2025-12-25 18:56:55.416486,2025-12-25 18:56:55.416486
10,8,8,ilk_mudahale,2025-04-21,20,2025-12-25 18:56:55.416486,2025-12-25 18:56:55.416486
4,8,19,rutin,2025-05-04,6,2025-12-25 18:56:55.416486,2025-12-25 18:56:55.416486
2,3,1,planli,2025-06-04,7,2025-12-25 18:56:55.416486,2025-12-25 18:56:55.416486
28,1,19,planli,2025-05-28,9,2025-12-25 18:56:55.416486,2025-12-25 18:56:55.416486
2,5,16,ilk_mudahale,2025-06-14,4,2025-12-25 18:56:55.416486,2025-12-25 18:56:55.416486
17,2,3,acil,2025-01-07,9,2025-12-25 18:56:55.416486,2025-12-25 18:56:55.416486
7,1,7,rutin,2025-01-05,1,2025-12-25 18:56:55.416486,2025-12-25 18:56:55.416486
6,3,7,acil,2025-01-03,18,2025-12-25 18:56:55.416486,2025-12-25 18:56:55.416486
27,1,3,acil,2025-04-11,2,2025-12-25 18:56:55.416486,2025-12-25 18:56:55.416486
23,1,14,acil,2025-03-19,3,2025-12-25 18:56:55.416486,2025-12-25 18:56:55.416486
6,10,10,ilk_mudahale,2025-06-22,11,2025-12-25 18:56:55.416486,2025-12-25 18:56:55.416486
11,10,18,acil,2025-06-08,15,2025-12-25 18:56:55.416486,2025-12-25 18:56:55.416486
3,5,8,planli,2025-04-18,4,2025-12-25 18:56:55.416486,2025-12-25 18:56:55.416486
26,4,6,iade,2025-04-07,12,2025-12-25 18:56:55.416486,2025-12-25 18:56:55.416486
9,9,18,planli,2025-01-03,20,2025-12-25 18:56:55.416486,2025-12-25 18:56:55.416486
7,6,7,rutin,2025-01-01,17,2025-12-25 18:56:55.416486,2025-12-25 18:56:55.416486
7,8,16,acil,2025-03-02,16,2025-12-25 18:56:55.416486,2025-12-25 18:56:55.416486
16,10,13,planli,2025-06-27,14,2025-12-25 18:56:55.416486,2025-12-25 18:56:55.416486
21,1,7,rutin,2025-01-20,9,2025-12-25 18:56:55.416486,2025-12-25 18:56:55.416486
15,5,8,iade,2025-01-09,9,2025-12-25 18:56:55.416486,2025-12-25 18:56:55.416486
5,1,6,acil,2025-02-20,9,2025-12-25 18:56:55.416486,2025-12-25 18:56:55.416486
26,1,10,rutin,2025-01-24,17,2025-12-25 18:56:55.416486,2025-12-25 18:56:55.416486
24,8,3,rutin,2025-06-07,15,2025-12-25 18:56:55.416486,2025-12-25 18:56:55.416486
5,4,11,rutin,2025-06-22,10,2025-12-25 18:56:55.416486,2025-12-25 18:56:55.416486
18,9,17,ilk_mudahale,2025-05-23,8,2025-12-25 18:56:55.416486,2025-12-25 18:56:55.416486
6,3,8,acil,2025-04-16,1,2025-12-25 18:56:55.416486,2025-12-25 18:56:55.416486
29,10,1,ilk_mudahale,2025-02-04,5,2025-12-25 18:56:55.416486,2025-12-25 18:56:55.416486
8,1,10,ilk_mudahale,2025-03-28,8,2025-12-25 18:56:55.416486,2025-12-25 18:56:55.416486
24,7,4,acil,2025-06-20,9,2025-12-25 18:56:55.416486,2025-12-25 18:56:55.416486
12,4,17,ilk_mudahale,2025-05-02,13,2025-12-25 18:56:55.416486,2025-12-25 18:56:55.416486
14,5,4,ilk_mudahale,2025-03-14,7,2025-12-25 18:56:55.416486,2025-12-25 18:56:55.416486
22,7,1,rutin,2025-05-22,12,2025-12-25 18:56:55.416486,2025-12-25 18:56:55.416486
23,5,15,ilk_mudahale,2025-04-24,19,2025-12-25 18:56:55.416486,2025-12-25 18:56:55.416486
22,9,1,iade,2025-01-12,16,2025-12-25 18:56:55.416486,2025-12-25 18:56:55.416486
20,2,15,acil,2025-03-09,15,2025-12-25 18:56:55.416486,2025-12-25 18:56:55.416486
22,8,3,rutin,2025-02-28,15,2025-12-25 18:56:55.416486,2025-12-25 18:56:55.416486
8,6,7,planli,2025-04-24,7,2025-12-25 18:56:55.416486,2025-12-25 18:56:55.416486
21,10,8,acil,2025-01-22,20,2025-12-25 18:56:55.416486,2025-12-25 18:56:55.416486
19,8,6,acil,2025-06-13,10,2025-12-25 18:56:55.416486,2025-12-25 18:56:55.416486
18,8,3,acil,2025-05-25,18,2025-12-25 18:56:55.416486,2025-12-25 18:56:55.416486
11,7,7,planli,2025-02-17,12,2025-12-25 18:56:55.416486,2025-12-25 18:56:55.416486
30,9,16,ilk_mudahale,2025-05-29,10,2025-12-25 18:56:55.416486,2025-12-25 18:56:55.416486
8,3,17,rutin,2025-06-05,5,2025-12-25 18:56:55.416486,2025-12-25 18:56:55.416486
26,2,2,ilk_mudahale,2025-06-17,10,2025-12-25 18:56:55.416486,2025-12-25 18:56:55.416486
19,3,5,rutin,2025-04-06,2,2025-12-25 18:56:55.416486,2025-12-25 18:56:55.416486
29,4,3,acil,2025-01-10,5,2025-12-25 18:56:55.416486,2025-12-25 18:56:55.416486
27,5,15,iade,2025-06-13,13,2025-12-25 18:56:55.416486,2025-12-25 18:56:55.416486
9,10,14,rutin,2025-05-21,16,2025-12-25 18:56:55.416486,2025-12-25 18:56:55.416486
16,1,16,rutin,2025-03-28,3,2025-12-25 18:56:55.416486,2025-12-25 18:56:55.416486
1,4,5,rutin,2025-02-06,11,2025-12-25 18:56:55.416486,2025-12-25 18:56:55.416486
15,7,11,rutin,2025-03-31,18,2025-12-25 18:56:55.416486,2025-12-25 18:56:55.416486
2,5,2,rutin,2025-01-17,5,2025-12-25 18:56:55.416486,2025-12-25 18:56:55.416486
3,7,4,rutin,2025-06-24,14,2025-12-25 18:56:55.416486,2025-12-25 18:56:55.416486
18,1,8,iade,2025-03-04,5,2025-12-25 18:56:55.416486,2025-12-25 18:56:55.416486
8,10,9,iade,2025-01-13,17,2025-12-25 18:56:55.416486,2025-12-25 18:56:55.416486
16,5,16,planli,2025-02-11,19,2025-12-25 18:56:55.416486,2025-12-25 18:56:55.416486
16,10,7,acil,2025-06-25,5,2025-12-25 18:56:55.416486,2025-12-25 18:56:55.416486
15,5,15,planli,2025-05-09,9,2025-12-25 18:56:55.416486,2025-12-25 18:56:55.416486
4,2,9,acil,2025-05-14,20,2025-12-25 18:56:55.416486,2025-12-25 18:56:55.416486
13,2,10,rutin,2025-03-28,12,2025-12-25 18:56:55.416486,2025-12-25 18:56:55.416486
15,6,16,ilk_mudahale,2025-04-11,16,2025-12-25 18:56:55.416486,2025-12-25 18:56:55.416486
6,10,8,rutin,2025-06-06,3,2025-12-25 18:56:55.416486,2025-12-25 18:56:55.416486
19,4,5,acil,2025-05-02,11,2025-12-25 18:56:55.416486,2025-12-25 18:56:55.416486
9,7,18,ilk_mudahale,2025-06-02,9,2025-12-25 18:56:55.416486,2025-12-25 18:56:55.416486
24,6,7,rutin,2025-04-29,9,2025-12-25 18:56:55.416486,2025-12-25 18:56:55.416486
23,1,4,rutin,2025-04-09,4,2025-12-25 18:56:55.416486,2025-12-25 18:56:55.416486
21,5,10,ilk_mudahale,2025-03-19,17,2025-12-25 18:56:55.416486,2025-12-25 18:56:55.416486
10,6,17,ilk_mudahale,2025-01-31,13,2025-12-25 18:56:55.416486,2025-12-25 18:56:55.416486
24,1,10,planli,2025-06-27,14,2025-12-25 18:56:55.416486,2025-12-25 18:56:55.416486
22,8,13,acil,2025-03-22,8,2025-12-25 18:56:55.416486,2025-12-25 18:56:55.416486
19,1,1,rutin,2025-01-22,17,2025-12-25 18:56:55.416486,2025-12-25 18:56:55.416486
20,10,13,planli,2025-06-08,10,2025-12-25 18:56:55.416486,2025-12-25 18:56:55.416486
22,6,2,iade,2025-02-27,12,2025-12-25 18:56:55.416486,2025-12-25 18:56:55.416486
21,2,8,ilk_mudahale,2025-03-22,3,2025-12-25 18:56:55.416486,2025-12-25 18:56:55.416486
21,6,16,planli,2025-05-05,9,2025-12-25 18:56:55.416486,2025-12-25 18:56:55.416486
15,5,18,acil,2025-03-20,8,2025-12-25 18:56:55.416486,2025-12-25 18:56:55.416486
5,5,9,rutin,2025-06-15,6,2025-12-25 18:56:55.416486,2025-12-25 18:56:55.416486
29,5,14,acil,2025-06-27,17,2025-12-25 18:56:55.416486,2025-12-25 18:56:55.416486
28,5,12,rutin,2025-05-08,12,2025-12-25 18:56:55.416486,2025-12-25 18:56:55.416486
5,6,13,rutin,2025-04-30,7,2025-12-25 18:56:55.416486,2025-12-25 18:56:55.416486
8,5,4,acil,2025-06-08,3,2025-12-25 18:56:55.416486,2025-12-25 18:56:55.416486
14,3,6,rutin,2025-02-26,2,2025-12-25 18:56:55.416486,2025-12-25 18:56:55.416486
30,5,9,planli,2025-02-21,18,2025-12-25 18:56:55.416486,2025-12-25 18:56:55.416486
7,5,16,rutin,2025-06-21,5,2025-12-25 18:56:55.416486,2025-12-25 18:56:55.416486
15,8,16,planli,2025-04-26,4,2025-12-25 18:56:55.416486,2025-12-25 18:56:55.416486
20,6,7,rutin,2025-01-15,18,2025-12-25 18:56:55.416486,2025-12-25 18:56:55.416486
30,7,6,iade,2025-03-23,17,2025-12-25 18:56:55.416486,2025-12-25 18:56:55.416486
1,5,8,acil,2025-01-01,8,2025-12-25 18:56:55.416486,2025-12-25 18:56:55.416486
27,1,6,acil,2025-06-13,5,2025-12-25 18:56:55.416486,2025-12-25 18:56:55.416486
27,4,9,iade,2025-06-14,10,2025-12-25 18:56:55.416486,2025-12-25 18:56:55.416486
22,9,7,acil,2025-01-31,13,2025-12-25 18:56:55.416486,2025-12-25 18:56:55.416486
14,1,14,rutin,2025-01-14,19,2025-12-25 18:56:55.416486,2025-12-25 18:56:55.416486
30,1,1,ilk_mudahale,2025-05-31,4,2025-12-25 18:56:55.416486,2025-12-25 18:56:55.416486
27,5,6,rutin,2025-05-22,3,2025-12-25 18:56:55.416486,2025-12-25 18:56:55.416486
6,9,17,acil,2025-06-04,20,2025-12-25 18:56:55.416486,2025-12-25 18:56:55.416486
4,6,7,ilk_mudahale,2025-01-24,11,2025-12-25 18:56:55.416486,2025-12-25 18:56:55.416486
1,3,7,rutin,2025-05-12,5,2025-12-25 18:56:55.416486,2025-12-25 18:56:55.416486
28,6,11,rutin,2025-06-11,3,2025-12-25 18:56:55.416486,2025-12-25 18:56:55.416486
5,2,8,acil,2025-05-08,14,2025-12-25 18:56:55.416486,2025-12-25 18:56:55.416486
9,10,12,rutin,2025-01-25,2,2025-12-25 18:56:55.416486,2025-12-25 18:56:55.416486
14,2,4,rutin,2025-05-19,1,2025-12-25 18:56:55.416486,2025-12-25 18:56:55.416486
29,9,9,acil,2025-03-26,11,2025-12-25 18:56:55.416486,2025-12-25 18:56:55.416486
19,10,10,ilk_mudahale,2025-01-04,8,2025-12-25 18:56:55.416486,2025-12-25 18:56:55.416486
7,1,1,acil,2025-04-30,14,2025-12-25 18:56:55.416486,2025-12-25 18:56:55.416486
5,4,2,rutin,2025-01-15,18,2025-12-25 18:56:55.416486,2025-12-25 18:56:55.416486
22,5,12,iade,2025-01-11,10,2025-12-25 18:56:55.416486,2025-12-25 18:56:55.416486
2,1,9,planli,2025-02-02,1,2025-12-25 18:56:55.416486,2025-12-25 18:56:55.416486
14,5,13,rutin,2025-06-19,3,2025-12-25 18:56:55.416486,2025-12-25 18:56:55.416486
3,3,18,planli,2025-02-14,9,2025-12-25 18:56:55.416486,2025-12-25 18:56:55.416486
13,7,6,planli,2025-02-27,2,2025-12-25 18:56:55.416486,2025-12-25 18:56:55.416486
26,5,1,acil,2025-03-19,8,2025-12-25 18:56:55.416486,2025-12-25 18:56:55.416486
20,4,15,ilk_mudahale,2025-03-13,12,2025-12-25 18:56:55.416486,2025-12-25 18:56:55.416486
7,8,9,rutin,2025-06-23,2,2025-12-25 18:56:55.416486,2025-12-25 18:56:55.416486
7,4,18,acil,2025-06-25,17,2025-12-25 18:56:55.416486,2025-12-25 18:56:55.416486
1,4,15,acil,2025-02-18,20,2025-12-25 18:56:55.416486,2025-12-25 18:56:55.416486
20,6,15,rutin,2025-03-13,19,2025-12-25 18:56:55.416486,2025-12-25 18:56:55.416486
23,4,17,acil,2025-06-14,13,2025-12-25 18:56:55.416486,2025-12-25 18:56:55.416486
22,7,14,planli,2025-05-01,16,2025-12-25 18:56:55.416486,2025-12-25 18:56:55.416486
17,3,19,acil,2025-06-28,10,2025-12-25 18:56:55.416486,2025-12-25 18:56:55.416486
27,8,14,acil,2025-03-23,16,2025-12-25 18:56:55.416486,2025-12-25 18:56:55.416486
16,3,14,ilk_mudahale,2025-06-19,11,2025-12-25 18:56:55.416486,2025-12-25 18:56:55.416486
24,8,11,planli,2025-03-28,13,2025-12-25 18:56:55.416486,2025-12-25 18:56:55.416486
10,6,19,ilk_mudahale,2025-02-23,1,2025-12-25 18:56:55.416486,2025-12-25 18:56:55.416486
11,2,10,rutin,2025-01-15,10,2025-12-25 18:56:55.416486,2025-12-25 18:56:55.416486
6,10,6,acil,2025-03-30,7,2025-12-25 18:56:55.416486,2025-12-25 18:56:55.416486
4,4,15,ilk_mudahale,2025-03-02,6,2025-12-25 18:56:55.416486,2025-12-25 18:56:55.416486
28,1,10,rutin,2025-02-24,9,2025-12-25 18:56:55.416486,2025-12-25 18:56:55.416486
6,9,19,acil,2025-01-30,1,2025-12-25 18:56:55.416486,2025-12-25 18:56:55.416486
5,7,17,acil,2025-02-21,19,2025-12-25 18:56:55.416486,2025-12-25 18:56:55.416486
9,6,5,acil,2025-03-26,19,2025-12-25 18:56:55.416486,2025-12-25 18:56:55.416486
5,6,13,ilk_mudahale,2025-06-25,8,2025-12-25 18:56:55.416486,2025-12-25 18:56:55.416486
9,6,5,rutin,2025-01-07,10,2025-12-25 18:56:55.416486,2025-12-25 18:56:55.416486
14,10,13,planli,2025-04-08,4,2025-12-25 18:56:55.416486,2025-12-25 18:56:55.416486
5,10,16,iade,2025-03-09,1,2025-12-25 18:56:55.416486,2025-12-25 18:56:55.416486
15,7,9,planli,2025-01-04,18,2025-12-25 18:56:55.416486,2025-12-25 18:56:55.416486
15,8,8,planli,2025-03-12,2,2025-12-25 18:56:55.416486,2025-12-25 18:56:55.416486
22,5,7,acil,2025-06-10,2,2025-12-25 18:56:55.416486,2025-12-25 18:56:55.416486
1,4,2,acil,2025-01-29,13,2025-12-25 18:56:55.416486,2025-12-25 18:56:55.416486
5,3,2,planli,2025-06-10,14,2025-12-25 18:56:55.416486,2025-12-25 18:56:55.416486
27,6,12,rutin,2025-06-03,3,2025-12-25 18:56:55.416486,2025-12-25 18:56:55.416486
19,8,5,rutin,2025-06-29,6,2025-12-25 18:56:55.416486,2025-12-25 18:56:55.416486
12,3,4,rutin,2025-05-21,16,2025-12-25 18:56:55.416486,2025-12-25 18:56:55.416486
24,9,3,acil,2025-04-24,8,2025-12-25 18:56:55.416486,2025-12-25 18:56:55.416486
4,3,7,acil,2025-01-31,13,2025-12-25 18:56:55.416486,2025-12-25 18:56:55.416486
6,9,1,rutin,2025-04-07,9,2025-12-25 18:56:55.416486,2025-12-25 18:56:55.416486
2,2,7,acil,2025-05-19,6,2025-12-25 18:56:55.416486,2025-12-25 18:56:55.416486
19,2,9,rutin,2025-05-09,6,2025-12-25 18:56:55.416486,2025-12-25 18:56:55.416486
7,8,11,acil,2025-06-13,12,2025-12-25 18:56:55.416486,2025-12-25 18:56:55.416486
13,6,15,acil,2025-05-06,9,2025-12-25 18:56:55.416486,2025-12-25 18:56:55.416486
16,2,8,planli,2025-04-24,20,2025-12-25 18:56:55.416486,2025-12-25 18:56:55.416486
