victim_id,bolge_id,su_litre,gida_paketi,cadir,ilac_adet,oncelik,kayit_tarihi,created_at,updated_at
51,5,3,8,2,17,Düşük,2025-06-15,2025-12-25 02:40:27.326181,2025-12-25 02:40:27.326181
29,8,16,1,2,12,Orta,2025-03-13,2025-12-25 02:40:27.326181,2025-12-25 02:40:27.326181
296,2,13,2,1,19,Orta,2025-03-03,2025-12-25 02:40:27.326181,2025-12-25 02:40:27.326181
297,4,19,9,2,28,Orta,2025-01-06,2025-12-25 02:40:27.326181,2025-12-25 02:40:27.326181
214,7,8,8,2,19,Düşük,2025-02-01,2025-12-25 02:40:27.326181,2025-12-25 02:40:27.326181
267,3,5,3,0,20,Orta,2025-04-09,2025-12-25 02:40:27.326181,2025-12-25 02:40:27.326181
257,5,8,8,0,26,Yüksek,2025-05-18,2025-12-25 02:40:27.326181,2025-12-25 02:40:27.326181
101,8,12,1,2,17,Düşük,2025-05-11,2025-12-25 02:40:27.326181,2025-12-25 02:40:27.326181
110,10,1,4,1,3,Yüksek,2025-03-17,2025-12-25 02:40:27.326181,2025-12-25 02:40:27.326181
182,3,6,3,0,0,Düşük,2025-06-26,2025-12-25 02:40:27.326181,2025-12-25 02:40:27.326181
1,4,18,6,2,17,Orta,2025-02-28,2025-12-25 02:40:27.326181,2025-12-25 02:40:27.326181
55,9,8,7,2,0,Düşük,2025-01-31,2025-12-25 02:40:27.326181,2025-12-25 02:40:27.326181
149,7,7,4,1,25,Düşük,2025-04-03,2025-12-25 02:40:27.326181,2025-12-25 02:40:27.326181
137,1,1,7,1,25,Yüksek,2025-03-10,2025-12-25 02:40:27.326181,2025-12-25 02:40:27.326181
202,4,16,9,0,12,Orta,2025-02-21,2025-12-25 02:40:27.326181,2025-12-25 02:40:27.326181
117,4,12,2,1,19,Orta,2025-03-30,2025-12-25 02:40:27.326181,2025-12-25 02:40:27.326181
154,9,6,3,2,19,Düşük,2025-05-07,2025-12-25 02:40:27.326181,2025-12-25 02:40:27.326181
291,6,2,5,2,22,Orta,2025-06-18,2025-12-25 02:40:27.326181,2025-12-25 02:40:27.326181
63,9,14,3,1,9,Orta,2025-01-31,2025-12-25 02:40:27.326181,2025-12-25 02:40:27.326181
244,6,4,8,1,26,Orta,2025-03-25,2025-12-25 02:40:27.326181,2025-12-25 02:40:27.326181
25,6,1,8,1,10,Orta,2025-05-07,2025-12-25 02:40:27.326181,2025-12-25 02:40:27.326181
90,5,18,8,1,8,Yüksek,2025-05-30,2025-12-25 02:40:27.326181,2025-12-25 02:40:27.326181
75,5,13,9,0,8,Orta,2025-05-12,2025-12-25 02:40:27.326181,2025-12-25 02:40:27.326181
294,2,2,4,1,4,Orta,2025-01-13,2025-12-25 02:40:27.326181,2025-12-25 02:40:27.326181
210,8,9,5,0,25,Düşük,2025-02-14,2025-12-25 02:40:27.326181,2025-12-25 02:40:27.326181
17,8,2,5,2,0,Orta,2025-05-07,2025-12-25 02:40:27.326181,2025-12-25 02:40:27.326181
128,1,9,8,1,16,Orta,2025-06-19,2025-12-25 02:40:27.326181,2025-12-25 02:40:27.326181
251,8,1,7,0,21,Orta,2025-04-24,2025-12-25 02:40:27.326181,2025-12-25 02:40:27.326181
179,5,11,9,1,1,Düşük,2025-06-26,2025-12-25 02:40:27.326181,2025-12-25 02:40:27.326181
182,2,3,8,2,23,Yüksek,2025-01-20,2025-12-25 02:40:27.326181,2025-12-25 02:40:27.326181
152,2,4,2,2,12,Düşük,2025-03-22,2025-12-25 02:40:27.326181,2025-12-25 02:40:27.326181
25,6,18,4,2,8,Orta,2025-06-13,2025-12-25 02:40:27.326181,2025-12-25 02:40:27.326181
180,9,6,6,1,28,Orta,2025-05-09,2025-12-25 02:40:27.326181,2025-12-25 02:40:27.326181
198,1,3,2,1,3,Düşük,2025-05-23,2025-12-25 02:40:27.326181,2025-12-25 02:40:27.326181
161,6,11,7,0,4,Orta,2025-01-17,2025-12-25 02:40:27.326181,2025-12-25 02:40:27.326181
177,9,15,3,2,10,Orta,2025-06-01,2025-12-25 02:40:27.326181,2025-12-25 02:40:27.326181
285,8,5,3,1,23,Yüksek,2025-02-27,2025-12-25 02:40:27.326181,2025-12-25 02:40:27.326181
63,6,10,2,2,18,Yüksek,2025-03-13,2025-12-25 02:40:27.326181,2025-12-25 02:40:27.326181
150,3,12,8,2,20,Yüksek,2025-04-19,2025-12-25 02:40:27.326181,2025-12-25 02:40:27.326181
154,8,15,6,0,2,Düşük,2025-01-23,2025-12-25 02:40:27.326181,2025-12-25 02:40:27.326181
156,9,17,1,0,11,Orta,2025-06-23,2025-12-25 02:40:27.326181,2025-12-25 02:40:27.326181
49,1,10,1,0,25,Orta,2025-03-13,2025-12-25 02:40:27.326181,2025-12-25 02:40:27.326181
84,9,6,7,0,18,Yüksek,2025-01-08,2025-12-25 02:40:27.326181,2025-12-25 02:40:27.326181
177,6,18,8,2,18,Orta,2025-02-28,2025-12-25 02:40:27.326181,2025-12-25 02:40:27.326181
148,6,13,5,0,12,Yüksek,2025-04-21,2025-12-25 02:40:27.326181,2025-12-25 02:40:27.326181
118,4,3,5,0,27,Orta,2025-01-13,2025-12-25 02:40:27.326181,2025-12-25 02:40:27.326181
63,1,10,4,0,6,Orta,2025-06-16,2025-12-25 02:40:27.326181,2025-12-25 02:40:27.326181
189,10,14,6,0,14,Düşük,2025-06-05,2025-12-25 02:40:27.326181,2025-12-25 02:40:27.326181
49,8,6,6,2,22,Orta,2025-01-16,2025-12-25 02:40:27.326181,2025-12-25 02:40:27.326181
257,2,3,3,0,6,Orta,2025-04-29,2025-12-25 02:40:27.326181,2025-12-25 02:40:27.326181
224,1,16,9,2,25,Orta,2025-01-02,2025-12-25 02:40:27.326181,2025-12-25 02:40:27.326181
141,2,7,7,1,7,Orta,2025-05-25,2025-12-25 02:40:27.326181,2025-12-25 02:40:27.326181
215,1,14,1,2,4,Orta,2025-01-30,2025-12-25 02:40:27.326181,2025-12-25 02:40:27.326181
211,1,9,7,2,20,Düşük,2025-04-13,2025-12-25 02:40:27.326181,2025-12-25 02:40:27.326181
32,9,15,5,0,13,Orta,2025-01-13,2025-12-25 02:40:27.326181,2025-12-25 02:40:27.326181
158,1,3,5,1,3,Orta,2025-04-06,2025-12-25 02:40:27.326181,2025-12-25 02:40:27.326181
285,4,2,2,1,22,Orta,2025-04-04,2025-12-25 02:40:27.326181,2025-12-25 02:40:27.326181
286,10,2,4,1,9,Düşük,2025-03-23,2025-12-25 02:40:27.326181,2025-12-25 02:40:27.326181
144,6,3,6,1,19,Düşük,2025-01-13,2025-12-25 02:40:27.326181,2025-12-25 02:40:27.326181
19,7,18,7,2,14,Düşük,2025-06-20,2025-12-25 02:40:27.326181,2025-12-25 02:40:27.326181
18,2,14,5,1,17,Orta,2025-04-04,2025-12-25 02:40:27.326181,2025-12-25 02:40:27.326181
257,6,18,9,2,19,Düşük,2025-05-29,2025-12-25 02:40:27.326181,2025-12-25 02:40:27.326181
78,7,10,3,2,12,Orta,2025-04-22,2025-12-25 02:40:27.326181,2025-12-25 02:40:27.326181
175,10,2,1,2,28,Yüksek,2025-02-24,2025-12-25 02:40:27.326181,2025-12-25 02:40:27.326181
194,10,1,4,1,7,Düşük,2025-03-22,2025-12-25 02:40:27.326181,2025-12-25 02:40:27.326181
113,2,4,9,0,8,Orta,2025-06-17,2025-12-25 02:40:27.326181,2025-12-25 02:40:27.326181
114,2,14,4,0,15,Orta,2025-04-26,2025-12-25 02:40:27.326181,2025-12-25 02:40:27.326181
222,10,1,2,1,18,Yüksek,2025-05-23,2025-12-25 02:40:27.326181,2025-12-25 02:40:27.326181
166,7,14,5,0,15,Orta,2025-06-29,2025-12-25 02:40:27.326181,2025-12-25 02:40:27.326181
132,1,16,3,0,6,Orta,2025-04-18,2025-12-25 02:40:27.326181,2025-12-25 02:40:27.326181
264,8,14,9,2,13,Yüksek,2025-02-22,2025-12-25 02:40:27.326181,2025-12-25 02:40:27.326181
55,3,3,4,2,27,Orta,2025-05-08,2025-12-25 02:40:27.326181,2025-12-25 02:40:27.326181
131,6,3,6,1,13,Yüksek,2025-06-29,2025-12-25 02:40:27.326181,2025-12-25 02:40:27.326181
288,9,9,2,1,24,Düşük,2025-06-07,2025-12-25 02:40:27.326181,2025-12-25 02:40:27.326181
266,6,6,6,0,26,Yüksek,2025-06-10,2025-12-25 02:40:27.326181,2025-12-25 02:40:27.326181
162,9,13,3,2,3,Orta,2025-02-26,2025-12-25 02:40:27.326181,2025-12-25 02:40:27.326181
87,7,2,9,1,25,Orta,2025-02-21,2025-12-25 02:40:27.326181,2025-12-25 02:40:27.326181
55,9,8,2,1,14,Düşük,2025-05-17,2025-12-25 02:40:27.326181,2025-12-25 02:40:27.326181
288,2,2,9,1,2,Orta,2025-04-21,2025-12-25 02:40:27.326181,2025-12-25 02:40:27.326181
178,8,4,5,1,4,Düşük,2025-01-01,2025-12-25 02:40:27.326181,2025-12-25 02:40:27.326181
8,8,15,8,1,0,Yüksek,2025-02-13,2025-12-25 02:40:27.326181,2025-12-25 02:40:27.326181
247,2,4,2,1,2,Yüksek,2025-03-16,2025-12-25 02:40:27.326181,2025-12-25 02:40:27.326181
255,4,13,6,0,14,Düşük,2025-04-08,2025-12-25 02:40:27.326181,2025-12-25 02:40:27.326181
54,7,12,3,2,23,Yüksek,2025-01-09,2025-12-25 02:40:27.326181,2025-12-25 02:40:27.326181
249,4,13,5,2,26,Orta,2025-02-01,2025-12-25 02:40:27.326181,2025-12-25 02:40:27.326181
239,4,14,8,1,7,Orta,2025-01-15,2025-12-25 02:40:27.326181,2025-12-25 02:40:27.326181
229,6,18,1,2,28,Orta,2025-05-20,2025-12-25 02:40:27.326181,2025-12-25 02:40:27.326181
67,10,6,5,2,3,Düşük,2025-05-16,2025-12-25 02:40:27.326181,2025-12-25 02:40:27.326181
51,6,11,3,2,1,Düşük,2025-03-13,2025-12-25 02:40:27.326181,2025-12-25 02:40:27.326181
97,10,2,4,1,28,Orta,2025-06-04,2025-12-25 02:40:27.326181,2025-12-25 02:40:27.326181
92,3,19,2,1,23,Yüksek,2025-01-12,2025-12-25 02:40:27.326181,2025-12-25 02:40:27.326181
264,9,19,9,2,23,Düşük,2025-03-06,2025-12-25 02:40:27.326181,2025-12-25 02:40:27.326181
291,10,5,3,2,9,Yüksek,2025-04-17,2025-12-25 02:40:27.326181,2025-12-25 02:40:27.326181
96,2,19,2,1,3,Orta,2025-02-11,2025-12-25 02:40:27.326181,2025-12-25 02:40:27.326181
88,6,2,9,0,2,Orta,2025-04-25,2025-12-25 02:40:27.326181,2025-12-25 02:40:27.326181
78,7,10,7,2,1,Orta,2025-05-19,2025-12-25 02:40:27.326181,2025-12-25 02:40:27.326181
288,9,2,6,0,24,Yüksek,2025-04-13,2025-12-25 02:40:27.326181,2025-12-25 02:40:27.326181
120,3,11,1,2,16,Orta,2025-06-20,2025-12-25 02:40:27.326181,2025-12-25 02:40:27.326181
165,10,18,5,0,22,Orta,2025-04-05,2025-12-25 02:40:27.326181,2025-12-25 02:40:27.326181
182,3,15,3,0,20,Orta,2025-01-17,2025-12-25 02:40:27.326181,2025-12-25 02:40:27.326181
223,7,9,1,0,23,Düşük,2025-06-09,2025-12-25 02:40:27.326181,2025-12-25 02:40:27.326181
7,4,19,4,1,19,Düşük,2025-03-26,2025-12-25 02:40:27.326181,2025-12-25 02:40:27.326181
263,8,9,2,0,22,Orta,2025-06-17,2025-12-25 02:40:27.326181,2025-12-25 02:40:27.326181
161,7,3,2,0,12,Orta,2025-05-31,2025-12-25 02:40:27.326181,2025-12-25 02:40:27.326181
151,5,9,3,0,4,Orta,2025-02-25,2025-12-25 02:40:27.326181,2025-12-25 02:40:27.326181
85,7,14,8,2,29,Orta,2025-05-14,2025-12-25 02:40:27.326181,2025-12-25 02:40:27.326181
147,3,19,8,0,20,Orta,2025-03-27,2025-12-25 02:40:27.326181,2025-12-25 02:40:27.326181
112,2,7,7,2,29,Orta,2025-06-27,2025-12-25 02:40:27.326181,2025-12-25 02:40:27.326181
36,6,16,6,0,8,Orta,2025-04-12,2025-12-25 02:40:27.326181,2025-12-25 02:40:27.326181
285,2,16,9,0,24,Yüksek,2025-06-14,2025-12-25 02:40:27.326181,2025-12-25 02:40:27.326181
188,3,1,4,1,28,Orta,2025-02-23,2025-12-25 02:40:27.326181,2025-12-25 02:40:27.326181
82,6,4,1,2,24,Orta,2025-06-26,2025-12-25 02:40:27.326181,2025-12-25 02:40:27.326181
2,5,4,8,0,27,Düşük,2025-04-25,2025-12-25 02:40:27.326181,2025-12-25 02:40:27.326181
197,8,7,7,2,21,Orta,2025-05-19,2025-12-25 02:40:27.326181,2025-12-25 02:40:27.326181
11,9,8,7,2,5,Orta,2025-03-29,2025-12-25 02:40:27.326181,2025-12-25 02:40:27.326181
234,3,17,3,1,4,Orta,2025-02-18,2025-12-25 02:40:27.326181,2025-12-25 02:40:27.326181
195,10,5,4,1,24,Orta,2025-05-29,2025-12-25 02:40:27.326181,2025-12-25 02:40:27.326181
119,3,7,9,1,9,Yüksek,2025-04-25,2025-12-25 02:40:27.326181,2025-12-25 02:40:27.326181
20,3,4,6,1,7,Düşük,2025-03-04,2025-12-25 02:40:27.326181,2025-12-25 02:40:27.326181
261,6,6,5,1,6,Orta,2025-04-14,2025-12-25 02:40:27.326181,2025-12-25 02:40:27.326181
293,1,7,3,1,6,Orta,2025-03-24,2025-12-25 02:40:27.326181,2025-12-25 02:40:27.326181
256,7,18,9,1,5,Düşük,2025-04-13,2025-12-25 02:40:27.326181,2025-12-25 02:40:27.326181
222,1,5,5,1,20,Düşük,2025-06-05,2025-12-25 02:40:27.326181,2025-12-25 02:40:27.326181
226,5,3,5,0,28,Orta,2025-01-17,2025-12-25 02:40:27.326181,2025-12-25 02:40:27.326181
53,10,7,4,2,19,Düşük,2025-01-06,2025-12-25 02:40:27.326181,2025-12-25 02:40:27.326181
280,8,14,4,1,2,Düşük,2025-05-27,2025-12-25 02:40:27.326181,2025-12-25 02:40:27.326181
81,4,7,1,1,18,Düşük,2025-01-28,2025-12-25 02:40:27.326181,2025-12-25 02:40:27.326181
202,5,5,7,2,21,Orta,2025-02-07,2025-12-25 02:40:27.326181,2025-12-25 02:40:27.326181
158,4,5,9,0,14,Orta,2025-04-29,2025-12-25 02:40:27.326181,2025-12-25 02:40:27.326181
120,4,2,3,2,3,Orta,2025-02-06,2025-12-25 02:40:27.326181,2025-12-25 02:40:27.326181
59,8,6,2,2,27,Yüksek,2025-04-25,2025-12-25 02:40:27.326181,2025-12-25 02:40:27.326181
215,2,15,3,1,11,Orta,2025-03-09,2025-12-25 02:40:27.326181,2025-12-25 02:40:27.326181
128,1,10,1,2,5,Orta,2025-06-26,2025-12-25 02:40:27.326181,2025-12-25 02:40:27.326181
224,3,7,6,2,18,Yüksek,2025-02-12,2025-12-25 02:40:27.326181,2025-12-25 02:40:27.326181
209,9,5,7,1,3,Orta,2025-06-13,2025-12-25 02:40:27.326181,2025-12-25 02:40:27.326181
115,4,1,2,1,14,Orta,2025-02-27,2025-12-25 02:40:27.326181,2025-12-25 02:40:27.326181
209,10,13,8,1,8,Orta,2025-01-13,2025-12-25 02:40:27.326181,2025-12-25 02:40:27.326181
14,5,18,6,1,4,Düşük,2025-02-21,2025-12-25 02:40:27.326181,2025-12-25 02:40:27.326181
9,2,13,4,2,12,Orta,2025-02-27,2025-12-25 02:40:27.326181,2025-12-25 02:40:27.326181
40,4,18,5,2,22,Orta,2025-02-01,2025-12-25 02:40:27.326181,2025-12-25 02:40:27.326181
237,2,5,8,0,25,Orta,2025-04-15,2025-12-25 02:40:27.326181,2025-12-25 02:40:27.326181
281,2,13,3,0,17,Düşük,2025-03-24,2025-12-25 02:40:27.326181,2025-12-25 02:40:27.326181
201,4,4,3,2,29,Yüksek,2025-04-09,2025-12-25 02:40:27.326181,2025-12-25 02:40:27.326181
246,6,17,4,0,29,Orta,2025-04-14,2025-12-25 02:40:27.326181,2025-12-25 02:40:27.326181
278,7,3,1,2,4,Orta,2025-01-28,2025-12-25 02:40:27.326181,2025-12-25 02:40:27.326181
235,10,17,9,0,24,Yüksek,2025-05-09,2025-12-25 02:40:27.326181,2025-12-25 02:40:27.326181
4,3,11,8,1,15,Orta,2025-06-19,2025-12-25 02:40:27.326181,2025-12-25 02:40:27.326181
154,3,4,8,0,26,Yüksek,2025-02-17,2025-12-25 02:40:27.326181,2025-12-25 02:40:27.326181
29,10,2,6,1,18,Orta,2025-02-09,2025-12-25 02:40:27.326181,2025-12-25 02:40:27.326181
109,6,16,7,1,13,Düşük,2025-04-07,2025-12-25 02:40:27.326181,2025-12-25 02:40:27.326181
98,3,18,6,1,24,Orta,2025-04-24,2025-12-25 02:40:27.326181,2025-12-25 02:40:27.326181
215,2,8,9,1,29,Orta,2025-05-12,2025-12-25 02:40:27.326181,2025-12-25 02:40:27.326181
293,8,3,3,0,15,Orta,2025-06-15,2025-12-25 02:40:27.326181,2025-12-25 02:40:27.326181
75,5,9,3,2,26,Yüksek,2025-06-04,2025-12-25 02:40:27.326181,2025-12-25 02:40:27.326181
146,1,6,3,1,14,Orta,2025-05-17,2025-12-25 02:40:27.326181,2025-12-25 02:40:27.326181
128,3,10,3,0,21,Orta,2025-04-21,2025-12-25 02:40:27.326181,2025-12-25 02:40:27.326181
42,10,10,9,1,3,Yüksek,2025-05-24,2025-12-25 02:40:27.326181,2025-12-25 02:40:27.326181
41,8,13,4,0,6,Orta,2025-03-17,2025-12-25 02:40:27.326181,2025-12-25 02:40:27.326181
34,4,17,7,0,15,Orta,2025-01-31,2025-12-25 02:40:27.326181,2025-12-25 02:40:27.326181
17,7,9,9,0,23,Yüksek,2025-04-29,2025-12-25 02:40:27.326181,2025-12-25 02:40:27.326181
165,10,17,7,2,21,Düşük,2025-05-22,2025-12-25 02:40:27.326181,2025-12-25 02:40:27.326181
153,2,9,9,0,20,Orta,2025-01-25,2025-12-25 02:40:27.326181,2025-12-25 02:40:27.326181
76,7,9,3,0,21,Yüksek,2025-02-03,2025-12-25 02:40:27.326181,2025-12-25 02:40:27.326181
87,5,1,4,2,20,Orta,2025-03-08,2025-12-25 02:40:27.326181,2025-12-25 02:40:27.326181
117,5,2,8,2,7,Orta,2025-06-01,2025-12-25 02:40:27.326181,2025-12-25 02:40:27.326181
27,6,16,6,0,16,Orta,2025-04-28,2025-12-25 02:40:27.326181,2025-12-25 02:40:27.326181
287,9,1,5,2,15,Orta,2025-03-14,2025-12-25 02:40:27.326181,2025-12-25 02:40:27.326181
134,6,10,4,1,26,Yüksek,2025-01-26,2025-12-25 02:40:27.326181,2025-12-25 02:40:27.326181
219,8,18,8,1,22,Düşük,2025-05-28,2025-12-25 02:40:27.326181,2025-12-25 02:40:27.326181
168,7,8,1,2,9,Düşük,2025-04-14,2025-12-25 02:40:27.326181,2025-12-25 02:40:27.326181
98,9,11,9,2,9,Düşük,2025-01-10,2025-12-25 02:40:27.326181,2025-12-25 02:40:27.326181
268,4,2,1,0,26,Orta,2025-03-08,2025-12-25 02:40:27.326181,2025-12-25 02:40:27.326181
237,2,8,8,2,1,Orta,2025-06-01,2025-12-25 02:40:27.326181,2025-12-25 02:40:27.326181
173,7,8,4,0,29,Yüksek,2025-01-05,2025-12-25 02:40:27.326181,2025-12-25 02:40:27.326181
190,6,17,9,1,8,Orta,2025-01-27,2025-12-25 02:40:27.326181,2025-12-25 02:40:27.326181
122,1,15,5,2,16,Orta,2025-04-23,2025-12-25 02:40:27.326181,2025-12-25 02:40:27.326181
46,9,17,3,0,10,Düşük,2025-01-15,2025-12-25 02:40:27.326181,2025-12-25 02:40:27.326181
64,9,13,9,0,9,Orta,2025-06-12,2025-12-25 02:40:27.326181,2025-12-25 02:40:27.326181
130,2,19,9,1,21,Orta,2025-04-15,2025-12-25 02:40:27.326181,2025-12-25 02:40:27.326181
193,3,5,4,2,24,Düşük,2025-02-13,2025-12-25 02:40:27.326181,2025-12-25 02:40:27.326181
181,5,12,4,1,16,Düşük,2025-01-26,2025-12-25 02:40:27.326181,2025-12-25 02:40:27.326181
292,5,1,8,0,3,Düşük,2025-06-24,2025-12-25 02:40:27.326181,2025-12-25 02:40:27.326181
282,1,5,2,0,15,Düşük,2025-06-11,2025-12-25 02:40:27.326181,2025-12-25 02:40:27.326181
29,8,8,9,2,19,Orta,2025-04-05,2025-12-25 02:40:27.326181,2025-12-25 02:40:27.326181
149,8,13,6,0,14,Düşük,2025-06-27,2025-12-25 02:40:27.326181,2025-12-25 02:40:27.326181
267,4,8,9,2,24,Orta,2025-03-25,2025-12-25 02:40:27.326181,2025-12-25 02:40:27.326181
296,7,11,8,1,26,Yüksek,2025-05-20,2025-12-25 02:40:27.326181,2025-12-25 02:40:27.326181
11,10,1,7,2,20,Orta,2025-05-12,2025-12-25 02:40:27.326181,2025-12-25 02:40:27.326181
164,3,13,1,2,4,Yüksek,2025-03-28,2025-12-25 02:40:27.326181,2025-12-25 02:40:27.326181
113,6,19,3,0,5,Orta,2025-06-25,2025-12-25 02:40:27.326181,2025-12-25 02:40:27.326181
187,10,3,2,0,16,Orta,2025-04-22,2025-12-25 02:40:27.326181,2025-12-25 02:40:27.326181
295,10,17,5,2,0,Yüksek,2025-05-09,2025-12-25 02:40:27.326181,2025-12-25 02:40:27.326181
232,9,5,5,0,24,Düşük,2025-03-30,2025-12-25 02:40:27.326181,2025-12-25 02:40:27.326181
227,1,8,5,0,18,Yüksek,2025-03-07,2025-12-25 02:40:27.326181,2025-12-25 02:40:27.326181
98,5,14,4,0,3,Düşük,2025-06-07,2025-12-25 02:40:27.326181,2025-12-25 02:40:27.326181
55,4,4,5,2,16,Orta,2025-05-11,2025-12-25 02:40:27.326181,2025-12-25 02:40:27.326181
111,8,11,3,0,8,Düşük,2025-05-02,2025-12-25 02:40:27.326181,2025-12-25 02:40:27.326181
152,1,15,1,2,23,Orta,2025-05-29,2025-12-25 02:40:27.326181,2025-12-25 02:40:27.326181
246,9,19,5,0,1,Orta,2025-03-25,2025-12-25 02:40:27.326181,2025-12-25 02:40:27.326181
69,6,7,9,1,7,Orta,2025-06-26,2025-12-25 02:40:27.326181,2025-12-25 02:40:27.326181
289,4,19,9,0,14,Orta,2025-04-26,2025-12-25 02:40:27.326181,2025-12-25 02:40:27.326181
250,9,19,4,0,6,Orta,2025-04-26,2025-12-25 02:40:27.326181,2025-12-25 02:40:27.326181
36,5,11,3,2,26,Düşük,2025-02-07,2025-12-25 02:40:27.326181,2025-12-25 02:40:27.326181
239,5,5,1,2,5,Orta,2025-05-23,2025-12-25 02:40:27.326181,2025-12-25 02:40:27.326181
148,5,5,2,0,0,Yüksek,2025-04-20,2025-12-25 02:40:27.326181,2025-12-25 02:40:27.326181
227,1,8,8,1,14,Orta,2025-06-29,2025-12-25 02:40:27.326181,2025-12-25 02:40:27.326181
244,1,10,1,0,22,Yüksek,2025-02-15,2025-12-25 02:40:27.326181,2025-12-25 02:40:27.326181
201,8,6,8,0,25,Yüksek,2025-01-25,2025-12-25 02:40:27.326181,2025-12-25 02:40:27.326181
154,8,15,7,1,6,Orta,2025-01-21,2025-12-25 02:40:27.326181,2025-12-25 02:40:27.326181
73,6,16,8,2,28,Orta,2025-05-01,2025-12-25 02:40:27.326181,2025-12-25 02:40:27.326181
201,4,17,6,0,29,Düşük,2025-05-02,2025-12-25 02:40:27.326181,2025-12-25 02:40:27.326181
296,2,8,9,2,24,Düşük,2025-05-13,2025-12-25 02:40:27.326181,2025-12-25 02:40:27.326181
17,2,8,3,2,16,Düşük,2025-03-11,2025-12-25 02:40:27.326181,2025-12-25 02:40:27.326181
129,9,9,4,1,1,Orta,2025-04-23,2025-12-25 02:40:27.326181,2025-12-25 02:40:27.326181
217,5,2,6,1,26,Orta,2025-04-17,2025-12-25 02:40:27.326181,2025-12-25 02:40:27.326181
61,4,15,8,2,8,Orta,2025-04-22,2025-12-25 02:40:27.326181,2025-12-25 02:40:27.326181
104,10,18,5,0,28,Orta,2025-04-18,2025-12-25 02:40:27.326181,2025-12-25 02:40:27.326181
42,1,3,3,2,8,Orta,2025-02-16,2025-12-25 02:40:27.326181,2025-12-25 02:40:27.326181
25,7,17,6,0,12,Orta,2025-04-01,2025-12-25 02:40:27.326181,2025-12-25 02:40:27.326181
39,3,4,4,0,5,Orta,2025-01-18,2025-12-25 02:40:27.326181,2025-12-25 02:40:27.326181
291,6,4,9,1,5,Düşük,2025-05-29,2025-12-25 02:40:27.326181,2025-12-25 02:40:27.326181
131,5,14,3,0,19,Düşük,2025-04-14,2025-12-25 02:40:27.326181,2025-12-25 02:40:27.326181
229,5,9,4,0,19,Orta,2025-05-31,2025-12-25 02:40:27.326181,2025-12-25 02:40:27.326181
108,5,9,7,2,20,Orta,2025-02-09,2025-12-25 02:40:27.326181,2025-12-25 02:40:27.326181
172,1,18,7,1,2,Orta,2025-05-18,2025-12-25 02:40:27.326181,2025-12-25 02:40:27.326181
102,1,10,4,0,16,Orta,2025-03-30,2025-12-25 02:40:27.326181,2025-12-25 02:40:27.326181
12,3,4,6,0,16,Orta,2025-06-29,2025-12-25 02:40:27.326181,2025-12-25 02:40:27.326181
275,10,12,3,1,11,Düşük,2025-03-02,2025-12-25 02:40:27.326181,2025-12-25 02:40:27.326181
101,4,8,6,2,15,Düşük,2025-01-05,2025-12-25 02:40:27.326181,2025-12-25 02:40:27.326181
44,5,2,2,1,14,Orta,2025-05-02,2025-12-25 02:40:27.326181,2025-12-25 02:40:27.326181
17,2,13,8,1,12,Orta,2025-02-24,2025-12-25 02:40:27.326181,2025-12-25 02:40:27.326181
57,8,16,2,0,22,Orta,2025-02-06,2025-12-25 02:40:27.326181,2025-12-25 02:40:27.326181
12,2,2,7,0,0,Yüksek,2025-02-25,2025-12-25 02:40:27.326181,2025-12-25 02:40:27.326181
80,9,11,9,2,16,Orta,2025-04-12,2025-12-25 02:40:27.326181,2025-12-25 02:40:27.326181
216,2,10,1,0,2,Orta,2025-04-03,2025-12-25 02:40:27.326181,2025-12-25 02:40:27.326181
264,9,15,8,0,25,Orta,2025-03-14,2025-12-25 02:40:27.326181,2025-12-25 02:40:27.326181
149,7,17,7,1,14,Orta,2025-02-28,2025-12-25 02:40:27.326181,2025-12-25 02:40:27.326181
81,8,8,6,0,3,Orta,2025-01-02,2025-12-25 02:40:27.326181,2025-12-25 02:40:27.326181
215,2,18,6,2,3,Orta,2025-04-14,2025-12-25 02:40:27.326181,2025-12-25 02:40:27.326181
198,7,9,6,1,17,Orta,2025-02-20,2025-12-25 02:40:27.326181,2025-12-25 02:40:27.326181
200,6,8,9,2,16,Düşük,2025-01-30,2025-12-25 02:40:27.326181,2025-12-25 02:40:27.326181
25,4,14,2,1,18,Orta,2025-01-11,2025-12-25 02:40:27.326181,2025-12-25 02:40:27.326181
89,7,18,1,0,10,Yüksek,2025-04-18,2025-12-25 02:40:27.326181,2025-12-25 02:40:27.326181
268,4,12,6,1,19,Yüksek,2025-03-17,2025-12-25 02:40:27.326181,2025-12-25 02:40:27.326181
143,2,19,8,1,2,Orta,2025-06-16,2025-12-25 02:40:27.326181,2025-12-25 02:40:27.326181
59,10,14,3,0,7,Orta,2025-03-31,2025-12-25 02:40:27.326181,2025-12-25 02:40:27.326181
26,7,17,1,0,13,Orta,2025-05-03,2025-12-25 02:40:27.326181,2025-12-25 02:40:27.326181
47,8,3,9,2,25,Orta,2025-05-05,2025-12-25 02:40:27.326181,2025-12-25 02:40:27.326181
288,2,7,1,2,0,Düşük,2025-05-02,2025-12-25 02:40:27.326181,2025-12-25 02:40:27.326181
266,5,17,3,0,13,Orta,2025-04-04,2025-12-25 02:40:27.326181,2025-12-25 02:40:27.326181
16,1,12,8,0,1,Orta,2025-04-13,2025-12-25 02:40:27.326181,2025-12-25 02:40:27.326181
199,7,9,3,0,28,Yüksek,2025-06-11,2025-12-25 02:40:27.326181,2025-12-25 02:40:27.326181
282,8,15,4,1,22,Orta,2025-01-31,2025-12-25 02:40:27.326181,2025-12-25 02:40:27.326181
86,6,18,8,1,3,Orta,2025-02-21,2025-12-25 02:40:27.326181,2025-12-25 02:40:27.326181
250,5,13,1,1,23,Orta,2025-03-30,2025-12-25 02:40:27.326181,2025-12-25 02:40:27.326181
270,6,8,6,0,26,Orta,2025-03-17,2025-12-25 02:40:27.326181,2025-12-25 02:40:27.326181
117,2,14,1,2,28,Orta,2025-05-09,2025-12-25 02:40:27.326181,2025-12-25 02:40:27.326181
7,1,8,1,0,18,Düşük,2025-01-22,2025-12-25 02:40:27.326181,2025-12-25 02:40:27.326181
137,7,14,8,1,5,Orta,2025-02-09,2025-12-25 02:40:27.326181,2025-12-25 02:40:27.326181
176,7,7,4,1,24,Yüksek,2025-04-11,2025-12-25 02:40:27.326181,2025-12-25 02:40:27.326181
215,10,12,1,0,0,Orta,2025-04-21,2025-12-25 02:40:27.326181,2025-12-25 02:40:27.326181
82,10,11,7,0,16,Düşük,2025-05-09,2025-12-25 02:40:27.326181,2025-12-25 02:40:27.326181
223,2,11,5,1,7,Orta,2025-03-06,2025-12-25 02:40:27.326181,2025-12-25 02:40:27.326181
103,2,13,5,1,18,Yüksek,2025-06-19,2025-12-25 02:40:27.326181,2025-12-25 02:40:27.326181
273,1,18,1,1,20,Düşük,2025-05-29,2025-12-25 02:40:27.326181,2025-12-25 02:40:27.326181
14,10,2,6,0,0,Orta,2025-03-20,2025-12-25 02:40:27.326181,2025-12-25 02:40:27.326181
159,8,15,9,1,4,Yüksek,2025-01-22,2025-12-25 02:40:27.326181,2025-12-25 02:40:27.326181
152,8,18,9,1,26,Orta,2025-06-15,2025-12-25 02:40:27.326181,2025-12-25 02:40:27.326181
108,1,15,8,2,15,Yüksek,2025-04-09,2025-12-25 02:40:27.326181,2025-12-25 02:40:27.326181
188,8,19,5,0,5,Orta,2025-01-08,2025-12-25 02:40:27.326181,2025-12-25 02:40:27.326181
98,9,12,1,2,7,Orta,2025-06-24,2025-12-25 02:40:27.326181,2025-12-25 02:40:27.326181
131,4,13,9,2,12,Orta,2025-01-17,2025-12-25 02:40:27.326181,2025-12-25 02:40:27.326181
293,1,11,1,1,15,Düşük,2025-01-17,2025-12-25 02:40:27.326181,2025-12-25 02:40:27.326181
171,1,5,8,0,29,Düşük,2025-03-31,2025-12-25 02:40:27.326181,2025-12-25 02:40:27.326181
183,3,1,5,1,2,Orta,2025-05-21,2025-12-25 02:40:27.326181,2025-12-25 02:40:27.326181
39,5,3,3,0,18,Düşük,2025-05-25,2025-12-25 02:40:27.326181,2025-12-25 02:40:27.326181
15,5,19,7,2,11,Orta,2025-06-15,2025-12-25 02:40:27.326181,2025-12-25 02:40:27.326181
4,9,7,7,0,15,Yüksek,2025-03-22,2025-12-25 02:40:27.326181,2025-12-25 02:40:27.326181
210,10,12,9,1,26,Yüksek,2025-03-19,2025-12-25 02:40:27.326181,2025-12-25 02:40:27.326181
161,2,15,7,1,10,Orta,2025-06-22,2025-12-25 02:40:27.326181,2025-12-25 02:40:27.326181
16,2,5,3,1,9,Yüksek,2025-01-06,2025-12-25 02:40:27.326181,2025-12-25 02:40:27.326181
108,6,15,1,0,24,Orta,2025-06-12,2025-12-25 02:40:27.326181,2025-12-25 02:40:27.326181
227,9,8,8,2,19,Orta,2025-04-20,2025-12-25 02:40:27.326181,2025-12-25 02:40:27.326181
170,1,10,3,2,3,Düşük,2025-01-14,2025-12-25 02:40:27.326181,2025-12-25 02:40:27.326181
34,9,16,8,0,11,Orta,2025-03-13,2025-12-25 02:40:27.326181,2025-12-25 02:40:27.326181
251,9,8,8,1,22,Orta,2025-05-23,2025-12-25 02:40:27.326181,2025-12-25 02:40:27.326181
247,9,1,5,2,1,Orta,2025-02-23,2025-12-25 02:40:27.326181,2025-12-25 02:40:27.326181
269,5,12,1,1,23,Orta,2025-01-27,2025-12-25 02:40:27.326181,2025-12-25 02:40:27.326181
141,9,5,7,0,21,Düşük,2025-01-13,2025-12-25 02:40:27.326181,2025-12-25 02:40:27.326181
274,4,3,5,1,18,Orta,2025-06-08,2025-12-25 02:40:27.326181,2025-12-25 02:40:27.326181
96,2,1,8,2,24,Yüksek,2025-06-12,2025-12-25 02:40:27.326181,2025-12-25 02:40:27.326181
227,6,4,9,2,4,Orta,2025-03-01,2025-12-25 02:40:27.326181,2025-12-25 02:40:27.326181
39,4,8,7,1,7,Yüksek,2025-01-06,2025-12-25 02:40:27.326181,2025-12-25 02:40:27.326181
29,6,3,7,0,6,Yüksek,2025-02-27,2025-12-25 02:40:27.326181,2025-12-25 02:40:27.326181
245,3,10,1,1,13,Yüksek,2025-02-18,2025-12-25 02:40:27.326181,2025-12-25 02:40:27.326181
236,6,2,4,0,23,Yüksek,2025-05-31,2025-12-25 02:40:27.326181,2025-12-25 02:40:27.326181
185,2,11,2,1,22,Yüksek,2025-06-11,2025-12-25 02:40:27.326181,2025-12-25 02:40:27.326181
272,2,10,2,2,2,Orta,2025-01-26,2025-12-25 02:40:27.326181,2025-12-25 02:40:27.326181
236,9,14,2,0,17,Düşük,2025-02-16,2025-12-25 02:40:27.326181,2025-12-25 02:40:27.326181
239,7,7,4,0,15,Orta,2025-01-05,2025-12-25 02:40:27.326181,2025-12-25 02:40:27.326181
266,3,2,1,0,22,Orta,2025-01-20,2025-12-25 02:40:27.326181,2025-12-25 02:40:27.326181
65,1,9,4,2,18,Orta,2025-05-14,2025-12-25 02:40:27.326181,2025-12-25 02:40:27.326181
177,8,16,2,1,18,Orta,2025-02-28,2025-12-25 02:40:27.326181,2025-12-25 02:40:27.326181
3,6,13,5,2,17,Yüksek,2025-05-26,2025-12-25 02:40:27.326181,2025-12-25 02:40:27.326181
142,7,9,3,0,19,Yüksek,2025-05-12,2025-12-25 02:40:27.326181,2025-12-25 02:40:27.326181
158,9,4,8,1,15,Yüksek,2025-01-17,2025-12-25 02:40:27.326181,2025-12-25 02:40:27.326181
146,5,10,4,2,7,Orta,2025-01-14,2025-12-25 02:40:27.326181,2025-12-25 02:40:27.326181
293,1,12,1,0,27,Düşük,2025-01-13,2025-12-25 02:40:27.326181,2025-12-25 02:40:27.326181
153,10,17,1,0,0,Düşük,2025-05-15,2025-12-25 02:40:27.326181,2025-12-25 02:40:27.326181
193,7,14,3,2,16,Orta,2025-05-08,2025-12-25 02:40:27.326181,2025-12-25 02:40:27.326181
73,5,14,9,2,11,Düşük,2025-02-13,2025-12-25 02:40:27.326181,2025-12-25 02:40:27.326181
140,3,2,7,2,29,Düşük,2025-04-29,2025-12-25 02:40:27.326181,2025-12-25 02:40:27.326181
187,9,11,2,0,20,Yüksek,2025-05-23,2025-12-25 02:40:27.326181,2025-12-25 02:40:27.326181
293,1,16,9,2,10,Orta,2025-01-19,2025-12-25 02:40:27.326181,2025-12-25 02:40:27.326181
61,1,19,2,0,4,Orta,2025-03-04,2025-12-25 02:40:27.326181,2025-12-25 02:40:27.326181
198,1,6,3,2,26,Düşük,2025-06-12,2025-12-25 02:40:27.326181,2025-12-25 02:40:27.326181
295,3,19,2,0,11,Orta,2025-03-22,2025-12-25 02:40:27.326181,2025-12-25 02:40:27.326181
11,6,5,3,0,16,Düşük,2025-06-12,2025-12-25 02:40:27.326181,2025-12-25 02:40:27.326181
62,10,4,6,1,5,Yüksek,2025-05-27,2025-12-25 02:40:27.326181,2025-12-25 02:40:27.326181
226,3,15,9,2,0,Orta,2025-05-28,2025-12-25 02:40:27.326181,2025-12-25 02:40:27.326181
153,8,4,9,2,4,Orta,2025-04-10,2025-12-25 02:40:27.326181,2025-12-25 02:40:27.326181
199,10,10,7,0,24,Orta,2025-06-12,2025-12-25 02:40:27.326181,2025-12-25 02:40:27.326181
52,2,3,3,0,27,Düşük,2025-06-09,2025-12-25 02:40:27.326181,2025-12-25 02:40:27.326181
260,9,5,4,0,13,Orta,2025-05-02,2025-12-25 02:40:27.326181,2025-12-25 02:40:27.326181
59,3,6,6,1,4,Orta,2025-06-25,2025-12-25 02:40:27.326181,2025-12-25 02:40:27.326181
72,5,8,5,1,21,Orta,2025-02-13,2025-12-25 02:40:27.326181,2025-12-25 02:40:27.326181
148,10,7,2,0,23,Düşük,2025-04-14,2025-12-25 02:40:27.326181,2025-12-25 02:40:27.326181
63,8,10,6,2,26,Orta,2025-06-01,2025-12-25 02:40:27.326181,2025-12-25 02:40:27.326181
243,2,6,3,2,0,Orta,2025-03-02,2025-12-25 02:40:27.326181,2025-12-25 02:40:27.326181
107,6,14,8,1,29,Yüksek,2025-05-05,2025-12-25 02:40:27.326181,2025-12-25 02:40:27.326181
226,5,4,2,1,17,Orta,2025-05-25,2025-12-25 02:40:27.326181,2025-12-25 02:40:27.326181
218,10,13,1,0,15,Orta,2025-03-12,2025-12-25 02:40:27.326181,2025-12-25 02:40:27.326181
241,9,17,9,2,8,Orta,2025-04-17,2025-12-25 02:40:27.326181,2025-12-25 02:40:27.326181
259,5,7,3,0,18,Orta,2025-02-19,2025-12-25 02:40:27.326181,2025-12-25 02:40:27.326181
262,2,4,1,1,21,Orta,2025-03-06,2025-12-25 02:40:27.326181,2025-12-25 02:40:27.326181
5,5,14,7,2,4,Orta,2025-04-09,2025-12-25 02:40:27.326181,2025-12-25 02:40:27.326181
261,4,3,5,2,26,Orta,2025-02-01,2025-12-25 02:40:27.326181,2025-12-25 02:40:27.326181
54,7,5,5,1,1,Yüksek,2025-06-13,2025-12-25 02:40:27.326181,2025-12-25 02:40:27.326181
47,6,16,1,0,29,Orta,2025-05-21,2025-12-25 02:40:27.326181,2025-12-25 02:40:27.326181
215,2,4,9,0,14,Yüksek,2025-02-27,2025-12-25 02:40:27.326181,2025-12-25 02:40:27.326181
177,5,2,7,2,6,Orta,2025-05-08,2025-12-25 02:40:27.326181,2025-12-25 02:40:27.326181
9,7,18,8,1,3,Yüksek,2025-05-22,2025-12-25 02:40:27.326181,2025-12-25 02:40:27.326181
99,7,19,9,2,0,Yüksek,2025-06-14,2025-12-25 02:40:27.326181,2025-12-25 02:40:27.326181
20,5,19,6,1,12,Orta,2025-04-22,2025-12-25 02:40:27.326181,2025-12-25 02:40:27.326181
241,9,17,5,0,19,Yüksek,2025-03-09,2025-12-25 02:40:27.326181,2025-12-25 02:40:27.326181
61,4,14,6,1,21,Düşük,2025-02-09,2025-12-25 02:40:27.326181,2025-12-25 02:40:27.326181
178,3,19,2,0,6,Yüksek,2025-05-24,2025-12-25 02:40:27.326181,2025-12-25 02:40:27.326181
62,4,13,4,1,14,Orta,2025-05-12,2025-12-25 02:40:27.326181,2025-12-25 02:40:27.326181
145,5,12,3,2,22,Düşük,2025-06-22,2025-12-25 02:40:27.326181,2025-12-25 02:40:27.326181
216,6,6,7,0,13,Orta,2025-03-31,2025-12-25 02:40:27.326181,2025-12-25 02:40:27.326181
3,3,4,9,2,22,Yüksek,2025-01-28,2025-12-25 02:40:27.326181,2025-12-25 02:40:27.326181
160,2,19,5,2,18,Düşük,2025-04-06,2025-12-25 02:40:27.326181,2025-12-25 02:40:27.326181
227,4,16,6,0,21,Orta,2025-01-31,2025-12-25 02:40:27.326181,2025-12-25 02:40:27.326181
269,5,13,2,0,28,Orta,2025-01-03,2025-12-25 02:40:27.326181,2025-12-25 02:40:27.326181
120,4,4,3,2,23,Yüksek,2025-05-16,2025-12-25 02:40:27.326181,2025-12-25 02:40:27.326181
89,3,17,3,2,19,Orta,2025-01-24,2025-12-25 02:40:27.326181,2025-12-25 02:40:27.326181
68,8,1,9,2,28,Düşük,2025-01-15,2025-12-25 02:40:27.326181,2025-12-25 02:40:27.326181
98,10,18,7,2,23,Düşük,2025-06-20,2025-12-25 02:40:27.326181,2025-12-25 02:40:27.326181
267,4,17,8,0,17,Orta,2025-06-08,2025-12-25 02:40:27.326181,2025-12-25 02:40:27.326181
105,2,15,9,0,9,Orta,2025-02-14,2025-12-25 02:40:27.326181,2025-12-25 02:40:27.326181
123,2,11,6,2,8,Yüksek,2025-01-08,2025-12-25 02:40:27.326181,2025-12-25 02:40:27.326181
29,1,13,4,1,24,Düşük,2025-03-12,2025-12-25 02:40:27.326181,2025-12-25 02:40:27.326181
137,4,1,1,1,7,Orta,2025-04-18,2025-12-25 02:40:27.326181,2025-12-25 02:40:27.326181
195,10,17,8,0,25,Düşük,2025-04-25,2025-12-25 02:40:27.326181,2025-12-25 02:40:27.326181
226,9,6,7,2,29,Düşük,2025-04-13,2025-12-25 02:40:27.326181,2025-12-25 02:40:27.326181
170,7,4,2,2,28,Orta,2025-05-05,2025-12-25 02:40:27.326181,2025-12-25 02:40:27.326181
9,10,16,8,0,9,Orta,2025-02-26,2025-12-25 02:40:27.326181,2025-12-25 02:40:27.326181
40,7,15,5,1,16,Orta,2025-01-30,2025-12-25 02:40:27.326181,2025-12-25 02:40:27.326181
25,7,15,7,1,1,Yüksek,2025-05-26,2025-12-25 02:40:27.326181,2025-12-25 02:40:27.326181
261,8,6,4,1,5,Orta,2025-04-24,2025-12-25 02:40:27.326181,2025-12-25 02:40:27.326181
226,1,15,5,0,25,Yüksek,2025-04-27,2025-12-25 02:40:27.326181,2025-12-25 02:40:27.326181
124,10,14,8,1,4,Yüksek,2025-06-16,2025-12-25 02:40:27.326181,2025-12-25 02:40:27.326181
38,10,11,1,0,27,Orta,2025-03-01,2025-12-25 02:40:27.326181,2025-12-25 02:40:27.326181
251,8,7,1,0,29,Yüksek,2025-04-08,2025-12-25 02:40:27.326181,2025-12-25 02:40:27.326181
176,4,9,4,2,8,Orta,2025-06-20,2025-12-25 02:40:27.326181,2025-12-25 02:40:27.326181
90,4,16,3,1,4,Düşük,2025-05-06,2025-12-25 02:40:27.326181,2025-12-25 02:40:27.326181
37,4,5,2,0,17,Orta,2025-06-22,2025-12-25 02:40:27.326181,2025-12-25 02:40:27.326181
176,6,10,3,1,25,Düşük,2025-05-31,2025-12-25 02:40:27.326181,2025-12-25 02:40:27.326181
284,7,18,1,1,19,Orta,2025-04-04,2025-12-25 02:40:27.326181,2025-12-25 02:40:27.326181
81,6,3,1,2,8,Orta,2025-05-14,2025-12-25 02:40:27.326181,2025-12-25 02:40:27.326181
114,1,13,6,1,16,Düşük,2025-05-02,2025-12-25 02:40:27.326181,2025-12-25 02:40:27.326181
40,8,11,5,2,26,Düşük,2025-04-18,2025-12-25 02:40:27.326181,2025-12-25 02:40:27.326181
224,10,17,8,0,16,Yüksek,2025-01-04,2025-12-25 02:40:27.326181,2025-12-25 02:40:27.326181
115,7,13,2,1,11,Orta,2025-04-03,2025-12-25 02:40:27.326181,2025-12-25 02:40:27.326181
186,6,6,4,0,6,Düşük,2025-05-31,2025-12-25 02:40:27.326181,2025-12-25 02:40:27.326181
56,6,17,8,1,26,Orta,2025-01-06,2025-12-25 02:40:27.326181,2025-12-25 02:40:27.326181
40,5,13,6,0,2,Orta,2025-02-01,2025-12-25 02:40:27.326181,2025-12-25 02:40:27.326181
40,6,19,1,1,9,Orta,2025-04-16,2025-12-25 02:40:27.326181,2025-12-25 02:40:27.326181
237,9,19,4,1,1,Yüksek,2025-05-26,2025-12-25 02:40:27.326181,2025-12-25 02:40:27.326181
289,10,10,1,1,24,Orta,2025-01-15,2025-12-25 02:40:27.326181,2025-12-25 02:40:27.326181
262,9,3,2,1,2,Orta,2025-06-17,2025-12-25 02:40:27.326181,2025-12-25 02:40:27.326181
216,10,14,5,1,15,Yüksek,2025-05-02,2025-12-25 02:40:27.326181,2025-12-25 02:40:27.326181
147,8,19,8,1,1,Yüksek,2025-04-06,2025-12-25 02:40:27.326181,2025-12-25 02:40:27.326181
168,10,5,8,1,27,Düşük,2025-01-06,2025-12-25 02:40:27.326181,2025-12-25 02:40:27.326181
92,9,5,3,1,23,Düşük,2025-04-22,2025-12-25 02:40:27.326181,2025-12-25 02:40:27.326181
59,10,17,4,1,9,Düşük,2025-04-30,2025-12-25 02:40:27.326181,2025-12-25 02:40:27.326181
59,8,10,6,0,5,Orta,2025-05-03,2025-12-25 02:40:27.326181,2025-12-25 02:40:27.326181
169,8,5,3,2,21,Orta,2025-03-08,2025-12-25 02:40:27.326181,2025-12-25 02:40:27.326181
269,1,4,2,1,25,Orta,2025-04-16,2025-12-25 02:40:27.326181,2025-12-25 02:40:27.326181
45,10,6,6,2,10,Yüksek,2025-05-19,2025-12-25 02:40:27.326181,2025-12-25 02:40:27.326181
181,5,4,5,1,22,Orta,2025-02-12,2025-12-25 02:40:27.326181,2025-12-25 02:40:27.326181
170,4,7,5,1,6,Düşük,2025-05-25,2025-12-25 02:40:27.326181,2025-12-25 02:40:27.326181
191,2,7,5,0,26,Orta,2025-04-06,2025-12-25 02:40:27.326181,2025-12-25 02:40:27.326181
155,8,18,5,0,28,Orta,2025-05-12,2025-12-25 02:40:27.326181,2025-12-25 02:40:27.326181
188,3,3,3,2,14,Orta,2025-03-22,2025-12-25 02:40:27.326181,2025-12-25 02:40:27.326181
7,4,1,7,0,5,Orta,2025-02-10,2025-12-25 02:40:27.326181,2025-12-25 02:40:27.326181
133,7,4,6,0,19,Yüksek,2025-05-13,2025-12-25 02:40:27.326181,2025-12-25 02:40:27.326181
235,10,6,4,2,26,Orta,2025-06-09,2025-12-25 02:40:27.326181,2025-12-25 02:40:27.326181
45,9,9,2,0,8,Orta,2025-02-04,2025-12-25 02:40:27.326181,2025-12-25 02:40:27.326181
249,2,14,9,1,21,Orta,2025-01-22,2025-12-25 02:40:27.326181,2025-12-25 02:40:27.326181
31,3,12,1,2,19,Orta,2025-05-30,2025-12-25 02:40:27.326181,2025-12-25 02:40:27.326181
23,4,4,4,2,11,Düşük,2025-04-22,2025-12-25 02:40:27.326181,2025-12-25 02:40:27.326181
160,10,12,1,1,18,Orta,2025-01-11,2025-12-25 02:40:27.326181,2025-12-25 02:40:27.326181
158,1,10,6,0,19,Düşük,2025-01-03,2025-12-25 02:40:27.326181,2025-12-25 02:40:27.326181
39,7,7,4,2,2,Yüksek,2025-05-17,2025-12-25 02:40:27.326181,2025-12-25 02:40:27.326181
82,2,3,5,2,14,Düşük,2025-03-01,2025-12-25 02:40:27.326181,2025-12-25 02:40:27.326181
258,5,14,5,1,1,Orta,2025-03-17,2025-12-25 02:40:27.326181,2025-12-25 02:40:27.326181
206,1,10,9,1,29,Orta,2025-03-28,2025-12-25 02:40:27.326181,2025-12-25 02:40:27.326181
77,3,16,1,0,20,Yüksek,2025-01-14,2025-12-25 02:40:27.326181,2025-12-25 02:40:27.326181
12,2,16,2,2,1,Düşük,2025-01-18,2025-12-25 02:40:27.326181,2025-12-25 02:40:27.326181
295,1,10,6,0,21,Düşük,2025-04-23,2025-12-25 02:40:27.326181,2025-12-25 02:40:27.326181
224,7,13,5,0,2,Düşük,2025-03-14,2025-12-25 02:40:27.326181,2025-12-25 02:40:27.326181
13,5,6,7,1,5,Düşük,2025-01-23,2025-12-25 02:40:27.326181,2025-12-25 02:40:27.326181
46,1,12,3,2,14,Düşük,2025-03-24,2025-12-25 02:40:27.326181,2025-12-25 02:40:27.326181
155,6,9,3,2,26,Orta,2025-05-05,2025-12-25 02:40:27.326181,2025-12-25 02:40:27.326181
113,5,13,2,2,9,Düşük,2025-06-24,2025-12-25 02:40:27.326181,2025-12-25 02:40:27.326181
233,3,4,3,1,8,Düşük,2025-03-10,2025-12-25 02:40:27.326181,2025-12-25 02:40:27.326181
17,7,11,1,1,0,Yüksek,2025-02-16,2025-12-25 02:40:27.326181,2025-12-25 02:40:27.326181
223,10,18,5,1,15,Orta,2025-04-26,2025-12-25 02:40:27.326181,2025-12-25 02:40:27.326181
188,9,11,5,1,5,Orta,2025-01-30,2025-12-25 02:40:27.326181,2025-12-25 02:40:27.326181
163,9,4,7,1,8,Orta,2025-01-25,2025-12-25 02:40:27.326181,2025-12-25 02:40:27.326181
74,9,18,4,2,26,Yüksek,2025-06-05,2025-12-25 02:40:27.326181,2025-12-25 02:40:27.326181
233,2,1,3,0,3,Düşük,2025-04-22,2025-12-25 02:40:27.326181,2025-12-25 02:40:27.326181
224,3,7,1,2,26,Yüksek,2025-01-25,2025-12-25 02:40:27.326181,2025-12-25 02:40:27.326181
60,7,6,8,0,27,Orta,2025-03-15,2025-12-25 02:40:27.326181,2025-12-25 02:40:27.326181
222,5,15,3,1,1,Düşük,2025-02-27,2025-12-25 02:40:27.326181,2025-12-25 02:40:27.326181
37,2,18,2,0,28,Yüksek,2025-04-04,2025-12-25 02:40:27.326181,2025-12-25 02:40:27.326181
278,3,11,4,2,3,Düşük,2025-04-29,2025-12-25 02:40:27.326181,2025-12-25 02:40:27.326181
196,10,15,3,2,0,Düşük,2025-05-07,2025-12-25 02:40:27.326181,2025-12-25 02:40:27.326181
242,6,16,1,0,18,Yüksek,2025-06-18,2025-12-25 02:40:27.326181,2025-12-25 02:40:27.326181
219,7,7,3,1,25,Orta,2025-01-25,2025-12-25 02:40:27.326181,2025-12-25 02:40:27.326181
192,9,10,2,1,24,Orta,2025-03-19,2025-12-25 02:40:27.326181,2025-12-25 02:40:27.326181
17,1,12,8,2,9,Düşük,2025-04-09,2025-12-25 02:40:27.326181,2025-12-25 02:40:27.326181
12,7,14,6,0,20,Orta,2025-04-26,2025-12-25 02:40:27.326181,2025-12-25 02:40:27.326181
193,8,5,9,1,14,Orta,2025-02-17,2025-12-25 02:40:27.326181,2025-12-25 02:40:27.326181
22,3,18,8,1,26,Orta,2025-01-10,2025-12-25 02:40:27.326181,2025-12-25 02:40:27.326181
120,4,5,3,2,21,Orta,2025-04-09,2025-12-25 02:40:27.326181,2025-12-25 02:40:27.326181
210,10,3,5,1,18,Düşük,2025-01-11,2025-12-25 02:40:27.326181,2025-12-25 02:40:27.326181
270,6,5,7,0,15,Düşük,2025-03-26,2025-12-25 02:40:27.326181,2025-12-25 02:40:27.326181
192,10,17,5,2,20,Yüksek,2025-05-29,2025-12-25 02:40:27.326181,2025-12-25 02:40:27.326181
175,7,19,8,2,26,Orta,2025-06-22,2025-12-25 02:40:27.326181,2025-12-25 02:40:27.326181
285,4,19,5,0,23,Yüksek,2025-05-15,2025-12-25 02:40:27.326181,2025-12-25 02:40:27.326181
204,8,12,1,2,21,Orta,2025-05-06,2025-12-25 02:40:27.326181,2025-12-25 02:40:27.326181
164,5,9,5,1,3,Orta,2025-03-05,2025-12-25 02:40:27.326181,2025-12-25 02:40:27.326181
251,1,1,4,1,1,Düşük,2025-01-02,2025-12-25 02:40:27.326181,2025-12-25 02:40:27.326181
227,4,18,6,0,29,Orta,2025-03-17,2025-12-25 02:40:27.326181,2025-12-25 02:40:27.326181
7,3,4,3,1,24,Düşük,2025-05-01,2025-12-25 02:40:27.326181,2025-12-25 02:40:27.326181
29,9,10,5,0,12,Orta,2025-02-11,2025-12-25 02:40:27.326181,2025-12-25 02:40:27.326181
33,8,7,2,0,27,Orta,2025-02-23,2025-12-25 02:40:27.326181,2025-12-25 02:40:27.326181
134,1,1,6,1,0,Yüksek,2025-03-16,2025-12-25 02:40:27.326181,2025-12-25 02:40:27.326181
79,6,17,6,0,16,Orta,2025-01-16,2025-12-25 02:40:27.326181,2025-12-25 02:40:27.326181
58,9,2,5,1,12,Düşük,2025-01-18,2025-12-25 02:40:27.326181,2025-12-25 02:40:27.326181
26,7,11,6,2,3,Düşük,2025-03-31,2025-12-25 02:40:27.326181,2025-12-25 02:40:27.326181
226,4,9,7,2,6,Düşük,2025-05-24,2025-12-25 02:40:27.326181,2025-12-25 02:40:27.326181
285,1,7,5,0,16,Orta,2025-01-06,2025-12-25 02:40:27.326181,2025-12-25 02:40:27.326181
4,2,17,1,1,8,Orta,2025-04-18,2025-12-25 02:40:27.326181,2025-12-25 02:40:27.326181
99,5,17,8,1,3,Yüksek,2025-06-24,2025-12-25 02:40:27.326181,2025-12-25 02:40:27.326181
39,5,2,4,2,18,Düşük,2025-02-17,2025-12-25 02:40:27.326181,2025-12-25 02:40:27.326181
271,8,6,9,2,0,Orta,2025-02-11,2025-12-25 02:40:27.326181,2025-12-25 02:40:27.326181
285,6,14,6,1,9,Orta,2025-03-17,2025-12-25 02:40:27.326181,2025-12-25 02:40:27.326181
157,8,6,1,0,3,Orta,2025-03-18,2025-12-25 02:40:27.326181,2025-12-25 02:40:27.326181
75,2,2,3,2,8,Orta,2025-05-12,2025-12-25 02:40:27.326181,2025-12-25 02:40:27.326181
288,3,1,3,0,12,Orta,2025-05-10,2025-12-25 02:40:27.326181,2025-12-25 02:40:27.326181
130,6,10,4,0,13,Orta,2025-02-28,2025-12-25 02:40:27.326181,2025-12-25 02:40:27.326181
175,10,5,6,2,9,Düşük,2025-06-04,2025-12-25 02:40:27.326181,2025-12-25 02:40:27.326181
84,3,2,7,0,5,Orta,2025-01-27,2025-12-25 02:40:27.326181,2025-12-25 02:40:27.326181
22,6,16,4,0,15,Düşük,2025-03-20,2025-12-25 02:40:27.326181,2025-12-25 02:40:27.326181
27,6,2,6,1,5,Orta,2025-03-13,2025-12-25 02:40:27.326181,2025-12-25 02:40:27.326181
195,2,10,1,0,16,Orta,2025-01-07,2025-12-25 02:40:27.326181,2025-12-25 02:40:27.326181
236,7,2,8,1,9,Orta,2025-04-21,2025-12-25 02:40:27.326181,2025-12-25 02:40:27.326181
92,2,16,7,2,17,Yüksek,2025-04-29,2025-12-25 02:40:27.326181,2025-12-25 02:40:27.326181
21,6,16,9,2,26,Yüksek,2025-06-23,2025-12-25 02:40:27.326181,2025-12-25 02:40:27.326181
84,1,19,3,1,21,Yüksek,2025-03-04,2025-12-25 02:40:27.326181,2025-12-25 02:40:27.326181
262,3,7,2,2,17,Orta,2025-05-04,2025-12-25 02:40:27.326181,2025-12-25 02:40:27.326181
147,2,12,1,0,2,Orta,2025-01-12,2025-12-25 02:40:27.326181,2025-12-25 02:40:27.326181
257,7,15,3,0,19,Orta,2025-05-21,2025-12-25 02:40:27.326181,2025-12-25 02:40:27.326181
58,4,8,5,0,26,Yüksek,2025-02-12,2025-12-25 02:40:27.326181,2025-12-25 02:40:27.326181
15,8,6,2,2,20,Orta,2025-01-17,2025-12-25 02:40:27.326181,2025-12-25 02:40:27.326181
162,6,10,3,0,24,Yüksek,2025-03-04,2025-12-25 02:40:27.326181,2025-12-25 02:40:27.326181
163,10,3,4,2,27,Yüksek,2025-04-30,2025-12-25 02:40:27.326181,2025-12-25 02:40:27.326181
281,4,19,7,0,14,Orta,2025-02-05,2025-12-25 02:40:27.326181,2025-12-25 02:40:27.326181
280,5,17,3,1,14,Düşük,2025-01-08,2025-12-25 02:40:27.326181,2025-12-25 02:40:27.326181
12,9,7,9,2,3,Düşük,2025-03-10,2025-12-25 02:40:27.326181,2025-12-25 02:40:27.326181
274,7,4,8,2,28,Yüksek,2025-03-31,2025-12-25 02:40:27.326181,2025-12-25 02:40:27.326181
271,10,14,4,0,26,Düşük,2025-02-05,2025-12-25 02:40:27.326181,2025-12-25 02:40:27.326181
208,9,15,1,2,8,Yüksek,2025-01-28,2025-12-25 02:40:27.326181,2025-12-25 02:40:27.326181
27,7,8,1,2,26,Orta,2025-04-28,2025-12-25 02:40:27.326181,2025-12-25 02:40:27.326181
72,1,15,1,1,25,Orta,2025-04-03,2025-12-25 02:40:27.326181,2025-12-25 02:40:27.326181
60,8,14,1,1,18,Yüksek,2025-06-24,2025-12-25 02:40:27.326181,2025-12-25 02:40:27.326181
145,4,9,8,0,23,Orta,2025-03-17,2025-12-25 02:40:27.326181,2025-12-25 02:40:27.326181
