baslik,icerik,hedef_kullanici_id,oncelik,durum,olusturma_tarihi,created_at,updated_at
Bölge Raporu,Nostrum voluptate sit rem a sit.,3,Orta,Okundu,2025-06-21,2025-12-25 02:40:27.392794,2025-12-25 02:40:27.392794
Bölge Raporu,Quam suscipit consequuntur nobis sit eius.,33,Orta,Okundu,2025-05-04,2025-12-25 02:40:27.392794,2025-12-25 02:40:27.392794
Ekip Atama,Fuga nulla omnis labore impedit.,1,Düşük,Okundu,2025-01-19,2025-12-25 02:40:27.392794,2025-12-25 02:40:27.392794
Durum Güncelleme,A odit velit eum odio.,5,Düşük,Okunmadı,2025-04-12,2025-12-25 02:40:27.392794,2025-12-25 02:40:27.392794
Kritik Uyarı,Voluptas quasi perspiciatis.,13,Orta,Okunmadı,2025-05-16,2025-12-25 02:40:27.392794,2025-12-25 02:40:27.392794
Bölge Raporu,Non id nostrum aspernatur incidunt.,19,Orta,Okundu,2025-03-18,2025-12-25 02:40:27.392794,2025-12-25 02:40:27.392794
Ekip Atama,Voluptates sequi temporibus quasi eos deserunt corporis.,12,Orta,Okundu,2025-02-10,2025-12-25 02:40:27.392794,2025-12-25 02:40:27.392794
Uyarı,Soluta quos quaerat adipisci libero assumenda rerum.,48,Düşük,Okundu,2025-03-02,2025-12-25 02:40:27.392794,2025-12-25 02:40:27.392794
Kritik Uyarı,Voluptates iure tempore veritatis laboriosam molestiae doloribus.,25,Düşük,Okunmadı,2025-01-26,2025-12-25 02:40:27.392794,2025-12-25 02:40:27.392794
Ekip Atama,Quidem optio at ipsa.,35,Düşük,Okundu,2025-03-12,2025-12-25 02:40:27.392794,2025-12-25 02:40:27.392794
Dağıtım Bildirimi,Cum ut temporibus.,12,Orta,Okunmadı,2025-04-13,2025-12-25 02:40:27.392794,2025-12-25 02:40:27.392794
Kritik Uyarı,Dolore ducimus labore tempore commodi.,30,Yüksek,Okunmadı,2025-03-11,2025-12-25 02:40:27.392794,2025-12-25 02:40:27.392794
Sistem Bildirimi,Ullam odio laudantium recusandae.,5,Orta,Okundu,2025-04-17,2025-12-25 02:40:27.392794,2025-12-25 02:40:27.392794
Ekip Atama,Sit ut quisquam nobis officia fugiat.,34,Yüksek,Okunmadı,2025-06-06,2025-12-25 02:40:27.392794,2025-12-25 02:40:27.392794
Kaynak Gereksinimi,Omnis quos vitae ipsa doloremque ea.,22,Orta,Okunmadı,2025-04-17,2025-12-25 02:40:27.392794,2025-12-25 02:40:27.392794
Sistem Bildirimi,Assumenda at qui vel quia.,39,Orta,Okundu,2025-04-13,2025-12-25 02:40:27.392794,2025-12-25 02:40:27.392794
Dağıtım Bildirimi,Nemo consectetur et fugit.,13,Düşük,Okundu,2025-01-19,2025-12-25 02:40:27.392794,2025-12-25 02:40:27.392794
Bölge Raporu,Est nihil deleniti.,47,Yüksek,Okundu,2025-03-09,2025-12-25 02:40:27.392794,2025-12-25 02:40:27.392794
Acil Durum,Voluptatem eum facilis perspiciatis recusandae maxime.,3,Orta,Okundu,2025-03-11,2025-12-25 02:40:27.392794,2025-12-25 02:40:27.392794
Ekip Atama,Nihil autem ab sequi et repellendus error dolor.,20,Düşük,Okunmadı,2025-04-23,2025-12-25 02:40:27.392794,2025-12-25 02:40:27.392794
Uyarı,Corporis eligendi quia sed repudiandae alias eum.,31,Orta,Okunmadı,2025-02-26,2025-12-25 02:40:27.392794,2025-12-25 02:40:27.392794
Ekip Atama,Voluptatibus commodi voluptatum provident laboriosam repudiandae libero.,5,Orta,Okundu,2025-06-14,2025-12-25 02:40:27.392794,2025-12-25 02:40:27.392794
Acil Durum,Animi repellat corrupti quaerat sed vel.,24,Orta,Okundu,2025-03-02,2025-12-25 02:40:27.392794,2025-12-25 02:40:27.392794
Dağıtım Bildirimi,Praesentium amet sint debitis laborum.,40,Yüksek,Okundu,2025-04-02,2025-12-25 02:40:27.392794,2025-12-25 02:40:27.392794
Dağıtım Bildirimi,Error repellendus totam culpa accusantium hic.,33,Orta,Okunmadı,2025-01-30,2025-12-25 02:40:27.392794,2025-12-25 02:40:27.392794
Sistem Bildirimi,Perspiciatis voluptatibus quidem hic minus eligendi.,8,Orta,Okundu,2025-06-02,2025-12-25 02:40:27.392794,2025-12-25 02:40:27.392794
Kritik Uyarı,Praesentium molestias atque eum recusandae.,24,Düşük,Okunmadı,2025-05-07,2025-12-25 02:40:27.392794,2025-12-25 02:40:27.392794
Uyarı,Sed quae itaque.,50,Düşük,Okundu,2025-04-25,2025-12-25 02:40:27.392794,2025-12-25 02:40:27.392794
Sistem Bildirimi,Neque ipsam laboriosam tempore.,20,Düşük,Okundu,2025-01-06,2025-12-25 02:40:27.392794,2025-12-25 02:40:27.392794
Uyarı,Dolor quibusdam quasi ab quas.,16,Düşük,Okundu,2025-01-18,2025-12-25 02:40:27.392794,2025-12-25 02:40:27.392794
Uyarı,Aut quos similique fugiat voluptatem perspiciatis cumque.,50,Orta,Okundu,2025-01-10,2025-12-25 02:40:27.392794,2025-12-25 02:40:27.392794
Acil Durum,Atque voluptate debitis amet.,12,Orta,Okundu,2025-04-02,2025-12-25 02:40:27.392794,2025-12-25 02:40:27.392794
Sistem Bildirimi,Officiis nihil voluptas occaecati illo alias dolores.,13,Düşük,Okundu,2025-05-19,2025-12-25 02:40:27.392794,2025-12-25 02:40:27.392794
Uyarı,Esse nisi cupiditate quia quod voluptatibus perferendis.,45,Yüksek,Okundu,2025-03-18,2025-12-25 02:40:27.392794,2025-12-25 02:40:27.392794
İhtiyaç Talebi,Quod sint officiis eius.,42,Düşük,Okunmadı,2025-04-11,2025-12-25 02:40:27.392794,2025-12-25 02:40:27.392794
Acil Durum,Facilis blanditiis assumenda laudantium pariatur magni.,39,Orta,Okundu,2025-03-25,2025-12-25 02:40:27.392794,2025-12-25 02:40:27.392794
Dağıtım Bildirimi,Nesciunt voluptates laboriosam.,25,Düşük,Okunmadı,2025-02-21,2025-12-25 02:40:27.392794,2025-12-25 02:40:27.392794
Acil Durum,Recusandae debitis laborum officia.,46,Orta,Okundu,2025-01-31,2025-12-25 02:40:27.392794,2025-12-25 02:40:27.392794
Kaynak Gereksinimi,Error commodi eveniet quae similique modi.,32,Düşük,Okundu,2025-05-25,2025-12-25 02:40:27.392794,2025-12-25 02:40:27.392794
Kaynak Gereksinimi,Repellat accusantium nam modi repellat laborum.,24,Orta,Okundu,2025-04-20,2025-12-25 02:40:27.392794,2025-12-25 02:40:27.392794
Uyarı,Saepe molestiae reprehenderit officiis quidem dignissimos omnis.,48,Orta,Okunmadı,2025-04-03,2025-12-25 02:40:27.392794,2025-12-25 02:40:27.392794
Sistem Bildirimi,Debitis nobis debitis mollitia.,47,Yüksek,Okunmadı,2025-06-13,2025-12-25 02:40:27.392794,2025-12-25 02:40:27.392794
Dağıtım Bildirimi,Commodi consectetur dignissimos cum natus sed.,44,Düşük,Okundu,2025-06-03,2025-12-25 02:40:27.392794,2025-12-25 02:40:27.392794
Acil Durum,Assumenda commodi error.,9,Düşük,Okundu,2025-02-22,2025-12-25 02:40:27.392794,2025-12-25 02:40:27.392794
Sistem Bildirimi,Cupiditate voluptate omnis dolorum aliquid veniam temporibus.,40,Düşük,Okundu,2025-05-25,2025-12-25 02:40:27.392794,2025-12-25 02:40:27.392794
Acil Durum,Omnis ipsam neque possimus minima.,50,Orta,Okunmadı,2025-03-27,2025-12-25 02:40:27.392794,2025-12-25 02:40:27.392794
Acil Durum,Non magni porro optio aliquid alias.,23,Düşük,Okundu,2025-06-02,2025-12-25 02:40:27.392794,2025-12-25 02:40:27.392794
İhtiyaç Talebi,Error rerum vero nobis.,50,Yüksek,Okundu,2025-01-02,2025-12-25 02:40:27.392794,2025-12-25 02:40:27.392794
Kaynak Gereksinimi,Nihil eius quas in mollitia.,13,Orta,Okunmadı,2025-03-27,2025-12-25 02:40:27.392794,2025-12-25 02:40:27.392794
Acil Durum,Fugit temporibus id assumenda ducimus.,32,Orta,Okunmadı,2025-05-13,2025-12-25 02:40:27.392794,2025-12-25 02:40:27.392794
İhtiyaç Talebi,Velit corporis dignissimos occaecati earum odio.,50,Orta,Okundu,2025-01-04,2025-12-25 02:40:27.392794,2025-12-25 02:40:27.392794
Kaynak Gereksinimi,Quaerat natus officia maiores cum.,15,Düşük,Okundu,2025-06-13,2025-12-25 02:40:27.392794,2025-12-25 02:40:27.392794
İhtiyaç Talebi,Et ratione fugiat vitae.,36,Düşük,Okundu,2025-01-06,2025-12-25 02:40:27.392794,2025-12-25 02:40:27.392794
Sistem Bildirimi,Aspernatur commodi beatae molestias architecto.,49,Orta,Okundu,2025-05-29,2025-12-25 02:40:27.392794,2025-12-25 02:40:27.392794
Kritik Uyarı,Facilis ex earum sit.,5,Orta,Okundu,2025-04-28,2025-12-25 02:40:27.392794,2025-12-25 02:40:27.392794
Kaynak Gereksinimi,Earum atque voluptatem dolore veritatis.,22,Düşük,Okundu,2025-03-30,2025-12-25 02:40:27.392794,2025-12-25 02:40:27.392794
Bölge Raporu,Cupiditate quas esse reprehenderit.,16,Düşük,Okunmadı,2025-06-03,2025-12-25 02:40:27.392794,2025-12-25 02:40:27.392794
Kritik Uyarı,Atque expedita nemo eligendi earum aut aliquid.,41,Yüksek,Okunmadı,2025-06-16,2025-12-25 02:40:27.392794,2025-12-25 02:40:27.392794
Sistem Bildirimi,Veniam harum exercitationem qui voluptas minus.,10,Düşük,Okundu,2025-06-10,2025-12-25 02:40:27.392794,2025-12-25 02:40:27.392794
Acil Durum,Sunt illo nihil ea placeat quae omnis consequuntur.,24,Yüksek,Okundu,2025-01-14,2025-12-25 02:40:27.392794,2025-12-25 02:40:27.392794
Dağıtım Bildirimi,Quasi amet quas voluptate provident dolorum non.,18,Orta,Okundu,2025-02-25,2025-12-25 02:40:27.392794,2025-12-25 02:40:27.392794
Sistem Bildirimi,Delectus voluptates reiciendis magnam eius incidunt velit.,49,Düşük,Okundu,2025-03-22,2025-12-25 02:40:27.392794,2025-12-25 02:40:27.392794
İhtiyaç Talebi,Esse similique veniam illo est.,18,Düşük,Okunmadı,2025-05-29,2025-12-25 02:40:27.392794,2025-12-25 02:40:27.392794
İhtiyaç Talebi,Odio asperiores dolores atque.,7,Düşük,Okundu,2025-02-15,2025-12-25 02:40:27.392794,2025-12-25 02:40:27.392794
İhtiyaç Talebi,Animi quia mollitia laudantium soluta vitae incidunt.,4,Orta,Okunmadı,2025-05-24,2025-12-25 02:40:27.392794,2025-12-25 02:40:27.392794
İhtiyaç Talebi,Ut consequatur libero placeat perspiciatis minus commodi.,26,Orta,Okundu,2025-01-16,2025-12-25 02:40:27.392794,2025-12-25 02:40:27.392794
Sistem Bildirimi,Nulla tenetur quia.,5,Orta,Okundu,2025-04-30,2025-12-25 02:40:27.392794,2025-12-25 02:40:27.392794
Dağıtım Bildirimi,Praesentium quibusdam doloribus qui veritatis reprehenderit.,16,Yüksek,Okundu,2025-03-25,2025-12-25 02:40:27.392794,2025-12-25 02:40:27.392794
Ekip Atama,Placeat aliquam ipsum cumque ut quis temporibus.,35,Orta,Okundu,2025-06-06,2025-12-25 02:40:27.392794,2025-12-25 02:40:27.392794
İhtiyaç Talebi,Asperiores saepe maiores veritatis.,26,Düşük,Okunmadı,2025-01-08,2025-12-25 02:40:27.392794,2025-12-25 02:40:27.392794
Ekip Atama,Libero cupiditate voluptas excepturi perspiciatis rerum.,18,Düşük,Okundu,2025-03-29,2025-12-25 02:40:27.392794,2025-12-25 02:40:27.392794
Dağıtım Bildirimi,Enim laboriosam eaque a.,29,Yüksek,Okunmadı,2025-05-11,2025-12-25 02:40:27.392794,2025-12-25 02:40:27.392794
Dağıtım Bildirimi,Necessitatibus dolor esse ut officia repudiandae alias iure.,23,Düşük,Okundu,2025-01-19,2025-12-25 02:40:27.392794,2025-12-25 02:40:27.392794
Kritik Uyarı,Sed animi ab itaque error autem expedita quam.,14,Düşük,Okundu,2025-04-07,2025-12-25 02:40:27.392794,2025-12-25 02:40:27.392794
Kaynak Gereksinimi,Explicabo aut laudantium assumenda maiores corrupti.,15,Orta,Okundu,2025-03-07,2025-12-25 02:40:27.392794,2025-12-25 02:40:27.392794
Bölge Raporu,Totam ab quo dolorum.,49,Orta,Okundu,2025-03-20,2025-12-25 02:40:27.392794,2025-12-25 02:40:27.392794
Uyarı,Hic error incidunt delectus repellat autem ipsa.,33,Yüksek,Okunmadı,2025-03-27,2025-12-25 02:40:27.392794,2025-12-25 02:40:27.392794
Bölge Raporu,Cum explicabo inventore facere sit dicta.,25,Orta,Okundu,2025-05-04,2025-12-25 02:40:27.392794,2025-12-25 02:40:27.392794
Sistem Bildirimi,Eligendi consequatur in ex adipisci.,21,Düşük,Okunmadı,2025-05-30,2025-12-25 02:40:27.392794,2025-12-25 02:40:27.392794
Uyarı,Veniam vero voluptatem blanditiis laudantium.,17,Yüksek,Okundu,2025-02-15,2025-12-25 02:40:27.392794,2025-12-25 02:40:27.392794
Dağıtım Bildirimi,Reiciendis quaerat eveniet quisquam sunt magnam unde.,23,Düşük,Okunmadı,2025-04-23,2025-12-25 02:40:27.392794,2025-12-25 02:40:27.392794
Bölge Raporu,Consectetur vero recusandae commodi exercitationem accusamus.,43,Orta,Okunmadı,2025-04-01,2025-12-25 02:40:27.392794,2025-12-25 02:40:27.392794
Durum Güncelleme,Amet rerum inventore nisi ab.,17,Orta,Okundu,2025-05-21,2025-12-25 02:40:27.392794,2025-12-25 02:40:27.392794
Kaynak Gereksinimi,Enim laborum quis dolorum corrupti maiores dolorum.,14,Düşük,Okundu,2025-02-02,2025-12-25 02:40:27.392794,2025-12-25 02:40:27.392794
Bölge Raporu,Sint voluptatibus dolorum reprehenderit.,29,Orta,Okunmadı,2025-05-13,2025-12-25 02:40:27.392794,2025-12-25 02:40:27.392794
Kaynak Gereksinimi,Labore quos aut quas nostrum.,20,Düşük,Okunmadı,2025-03-18,2025-12-25 02:40:27.392794,2025-12-25 02:40:27.392794
Ekip Atama,Voluptatibus nihil odio dolorem consequatur.,30,Orta,Okundu,2025-06-04,2025-12-25 02:40:27.392794,2025-12-25 02:40:27.392794
Sistem Bildirimi,Earum deleniti corporis.,19,Orta,Okunmadı,2025-05-01,2025-12-25 02:40:27.392794,2025-12-25 02:40:27.392794
Kaynak Gereksinimi,Nulla at amet.,39,Orta,Okunmadı,2025-05-08,2025-12-25 02:40:27.392794,2025-12-25 02:40:27.392794
Ekip Atama,Minima praesentium voluptatem dolore incidunt aperiam.,13,Yüksek,Okundu,2025-03-19,2025-12-25 02:40:27.392794,2025-12-25 02:40:27.392794
İhtiyaç Talebi,Officia esse earum eligendi expedita in.,18,Düşük,Okunmadı,2025-06-01,2025-12-25 02:40:27.392794,2025-12-25 02:40:27.392794
Ekip Atama,Tempora delectus a optio eum eligendi.,23,Orta,Okundu,2025-03-08,2025-12-25 02:40:27.392794,2025-12-25 02:40:27.392794
Sistem Bildirimi,Tenetur aut delectus veniam facilis.,46,Orta,Okundu,2025-04-25,2025-12-25 02:40:27.392794,2025-12-25 02:40:27.392794
Kritik Uyarı,Beatae pariatur placeat quo consectetur.,33,Düşük,Okundu,2025-03-04,2025-12-25 02:40:27.392794,2025-12-25 02:40:27.392794
İhtiyaç Talebi,Qui facere quod minus fuga officiis.,39,Orta,Okundu,2025-04-23,2025-12-25 02:40:27.392794,2025-12-25 02:40:27.392794
Dağıtım Bildirimi,Nesciunt assumenda autem occaecati nobis.,40,Orta,Okundu,2025-04-04,2025-12-25 02:40:27.392794,2025-12-25 02:40:27.392794
Acil Durum,Nesciunt totam omnis.,18,Düşük,Okunmadı,2025-02-17,2025-12-25 02:40:27.392794,2025-12-25 02:40:27.392794
Ekip Atama,Deserunt ipsum atque velit nulla.,9,Orta,Okunmadı,2025-01-12,2025-12-25 02:40:27.392794,2025-12-25 02:40:27.392794
Ekip Atama,Quas voluptatibus dicta quam aliquam.,33,Düşük,Okundu,2025-06-05,2025-12-25 02:40:27.392794,2025-12-25 02:40:27.392794
Kaynak Gereksinimi,In quae tempora quis sapiente.,32,Orta,Okunmadı,2025-06-21,2025-12-25 02:40:27.392794,2025-12-25 02:40:27.392794
Dağıtım Bildirimi,Voluptate tempora ipsum quaerat tenetur architecto in.,17,Düşük,Okundu,2025-06-20,2025-12-25 02:40:27.392794,2025-12-25 02:40:27.392794
Bölge Raporu,Ratione cumque earum voluptas enim veritatis aperiam.,19,Yüksek,Okundu,2025-05-25,2025-12-25 02:40:27.392794,2025-12-25 02:40:27.392794
Durum Güncelleme,Qui id placeat sit voluptas.,27,Orta,Okunmadı,2025-02-09,2025-12-25 02:40:27.392794,2025-12-25 02:40:27.392794
Uyarı,Ipsa magni natus hic.,6,Orta,Okundu,2025-06-26,2025-12-25 02:40:27.392794,2025-12-25 02:40:27.392794
Ekip Atama,Earum delectus cum dolor possimus sunt ratione iste.,35,Orta,Okundu,2025-03-26,2025-12-25 02:40:27.392794,2025-12-25 02:40:27.392794
Bölge Raporu,Ea sequi eos eaque blanditiis dolore modi.,37,Yüksek,Okundu,2025-02-26,2025-12-25 02:40:27.392794,2025-12-25 02:40:27.392794
Durum Güncelleme,Aliquam corporis sunt unde earum.,34,Orta,Okundu,2025-03-28,2025-12-25 02:40:27.392794,2025-12-25 02:40:27.392794
Uyarı,Odit dolorum reprehenderit.,20,Düşük,Okundu,2025-03-25,2025-12-25 02:40:27.392794,2025-12-25 02:40:27.392794
Acil Durum,Blanditiis officiis odio voluptas eveniet veniam sunt.,25,Orta,Okundu,2025-05-01,2025-12-25 02:40:27.392794,2025-12-25 02:40:27.392794
Kaynak Gereksinimi,Quam illum nostrum eveniet animi.,4,Yüksek,Okundu,2025-03-15,2025-12-25 02:40:27.392794,2025-12-25 02:40:27.392794
Bölge Raporu,Reprehenderit dolor vitae.,10,Orta,Okundu,2025-04-17,2025-12-25 02:40:27.392794,2025-12-25 02:40:27.392794
Kaynak Gereksinimi,Ducimus accusamus omnis sint.,10,Orta,Okunmadı,2025-05-04,2025-12-25 02:40:27.392794,2025-12-25 02:40:27.392794
Uyarı,Autem quia fugit officiis sit odio mollitia repellendus.,24,Yüksek,Okunmadı,2025-04-10,2025-12-25 02:40:27.392794,2025-12-25 02:40:27.392794
Kritik Uyarı,Eveniet dignissimos occaecati similique hic.,21,Yüksek,Okundu,2025-02-12,2025-12-25 02:40:27.392794,2025-12-25 02:40:27.392794
Ekip Atama,Doloremque quas fuga temporibus atque delectus delectus.,11,Yüksek,Okunmadı,2025-04-29,2025-12-25 02:40:27.392794,2025-12-25 02:40:27.392794
İhtiyaç Talebi,Deleniti laudantium quas officia.,27,Düşük,Okunmadı,2025-01-23,2025-12-25 02:40:27.392794,2025-12-25 02:40:27.392794
Durum Güncelleme,Est suscipit repellendus.,16,Orta,Okundu,2025-06-04,2025-12-25 02:40:27.392794,2025-12-25 02:40:27.392794
Dağıtım Bildirimi,Deleniti corporis incidunt iste officia illo quam consequatur.,26,Orta,Okunmadı,2025-02-06,2025-12-25 02:40:27.392794,2025-12-25 02:40:27.392794
Sistem Bildirimi,Nobis fugiat accusantium.,30,Orta,Okundu,2025-05-14,2025-12-25 02:40:27.392794,2025-12-25 02:40:27.392794
Ekip Atama,Quis officia aliquam.,49,Orta,Okundu,2025-03-06,2025-12-25 02:40:27.392794,2025-12-25 02:40:27.392794
İhtiyaç Talebi,Quo eaque vel nobis recusandae.,16,Düşük,Okundu,2025-05-14,2025-12-25 02:40:27.392794,2025-12-25 02:40:27.392794
Sistem Bildirimi,Vero autem quasi.,7,Orta,Okundu,2025-06-27,2025-12-25 02:40:27.392794,2025-12-25 02:40:27.392794
Bölge Raporu,Sequi assumenda consequuntur quis tempora repellendus.,16,Orta,Okunmadı,2025-01-22,2025-12-25 02:40:27.392794,2025-12-25 02:40:27.392794
Sistem Bildirimi,Ex culpa animi porro occaecati.,35,Düşük,Okundu,2025-04-15,2025-12-25 02:40:27.392794,2025-12-25 02:40:27.392794
Acil Durum,Accusantium aliquid molestias aut.,16,Orta,Okundu,2025-03-29,2025-12-25 02:40:27.392794,2025-12-25 02:40:27.392794
Ekip Atama,Consequuntur totam ad incidunt corporis omnis.,40,Düşük,Okundu,2025-06-02,2025-12-25 02:40:27.392794,2025-12-25 02:40:27.392794
Kaynak Gereksinimi,Ullam placeat placeat quaerat temporibus.,12,Orta,Okundu,2025-05-05,2025-12-25 02:40:27.392794,2025-12-25 02:40:27.392794
Kritik Uyarı,Cumque beatae aut veritatis facere nulla blanditiis.,35,Düşük,Okunmadı,2025-03-20,2025-12-25 02:40:27.392794,2025-12-25 02:40:27.392794
Dağıtım Bildirimi,Tempora non debitis minus.,49,Orta,Okundu,2025-03-31,2025-12-25 02:40:27.392794,2025-12-25 02:40:27.392794
Kaynak Gereksinimi,Delectus incidunt tempora porro numquam enim soluta earum.,21,Orta,Okunmadı,2025-02-20,2025-12-25 02:40:27.392794,2025-12-25 02:40:27.392794
İhtiyaç Talebi,Optio ut repellat quae asperiores a ut.,50,Orta,Okundu,2025-06-25,2025-12-25 02:40:27.392794,2025-12-25 02:40:27.392794
Ekip Atama,Quod corporis corporis ipsum.,43,Orta,Okundu,2025-04-12,2025-12-25 02:40:27.392794,2025-12-25 02:40:27.392794
Kritik Uyarı,Repellendus beatae incidunt quas corporis eum consectetur.,36,Yüksek,Okunmadı,2025-04-16,2025-12-25 02:40:27.392794,2025-12-25 02:40:27.392794
Sistem Bildirimi,Explicabo laudantium laboriosam voluptate nobis odio.,48,Düşük,Okunmadı,2025-03-01,2025-12-25 02:40:27.392794,2025-12-25 02:40:27.392794
Ekip Atama,Reiciendis omnis doloribus in.,17,Düşük,Okunmadı,2025-02-15,2025-12-25 02:40:27.392794,2025-12-25 02:40:27.392794
Sistem Bildirimi,Molestiae laudantium modi dolorem assumenda quaerat minima.,32,Yüksek,Okundu,2025-02-05,2025-12-25 02:40:27.392794,2025-12-25 02:40:27.392794
Bölge Raporu,Praesentium doloremque a voluptatibus accusantium.,41,Düşük,Okundu,2025-06-15,2025-12-25 02:40:27.392794,2025-12-25 02:40:27.392794
Acil Durum,Labore consequatur beatae tenetur facere sed quod.,6,Yüksek,Okunmadı,2025-01-11,2025-12-25 02:40:27.392794,2025-12-25 02:40:27.392794
Uyarı,Eos corporis sequi voluptas.,24,Yüksek,Okundu,2025-01-12,2025-12-25 02:40:27.392794,2025-12-25 02:40:27.392794
Ekip Atama,Doloribus repudiandae animi consequuntur vitae provident.,27,Orta,Okunmadı,2025-06-19,2025-12-25 02:40:27.392794,2025-12-25 02:40:27.392794
İhtiyaç Talebi,Quasi possimus incidunt amet autem neque.,20,Yüksek,Okundu,2025-02-08,2025-12-25 02:40:27.392794,2025-12-25 02:40:27.392794
Sistem Bildirimi,Saepe sit adipisci facilis aspernatur aspernatur necessitatibus.,25,Düşük,Okunmadı,2025-05-19,2025-12-25 02:40:27.392794,2025-12-25 02:40:27.392794
Kaynak Gereksinimi,Corrupti delectus quia quibusdam praesentium error.,2,Orta,Okundu,2025-02-05,2025-12-25 02:40:27.392794,2025-12-25 02:40:27.392794
Bölge Raporu,Quam ipsam officia accusamus beatae animi.,9,Orta,Okundu,2025-02-21,2025-12-25 02:40:27.392794,2025-12-25 02:40:27.392794
İhtiyaç Talebi,Nobis cupiditate cum.,28,Orta,Okundu,2025-01-31,2025-12-25 02:40:27.392794,2025-12-25 02:40:27.392794
Dağıtım Bildirimi,Rerum perspiciatis soluta mollitia repudiandae ullam.,38,Yüksek,Okundu,2025-02-02,2025-12-25 02:40:27.392794,2025-12-25 02:40:27.392794
Uyarı,Esse dolorem ut earum at fugiat veritatis.,3,Düşük,Okundu,2025-05-21,2025-12-25 02:40:27.392794,2025-12-25 02:40:27.392794
Bölge Raporu,Id animi hic reprehenderit voluptate.,20,Orta,Okundu,2025-05-26,2025-12-25 02:40:27.392794,2025-12-25 02:40:27.392794
Acil Durum,Sapiente repellendus iusto et odit repudiandae cum rem.,6,Orta,Okundu,2025-06-18,2025-12-25 02:40:27.392794,2025-12-25 02:40:27.392794
Uyarı,Deserunt autem aspernatur nobis sed adipisci.,39,Orta,Okundu,2025-02-27,2025-12-25 02:40:27.392794,2025-12-25 02:40:27.392794
Sistem Bildirimi,Cum autem distinctio ab tenetur.,33,Düşük,Okundu,2025-06-01,2025-12-25 02:40:27.392794,2025-12-25 02:40:27.392794
İhtiyaç Talebi,Mollitia odit adipisci eaque voluptate.,1,Orta,Okunmadı,2025-05-08,2025-12-25 02:40:27.392794,2025-12-25 02:40:27.392794
Dağıtım Bildirimi,Aliquid voluptates laborum aliquid at est voluptatem.,37,Yüksek,Okundu,2025-01-31,2025-12-25 02:40:27.392794,2025-12-25 02:40:27.392794
Durum Güncelleme,Vero magnam et hic explicabo.,6,Düşük,Okunmadı,2025-02-24,2025-12-25 02:40:27.392794,2025-12-25 02:40:27.392794
Acil Durum,Praesentium atque illum qui.,45,Yüksek,Okundu,2025-01-10,2025-12-25 02:40:27.392794,2025-12-25 02:40:27.392794
Kritik Uyarı,Magnam quod ad recusandae.,34,Orta,Okundu,2025-05-10,2025-12-25 02:40:27.392794,2025-12-25 02:40:27.392794
Sistem Bildirimi,Nesciunt sequi enim corrupti iure suscipit at.,47,Orta,Okundu,2025-01-15,2025-12-25 02:40:27.392794,2025-12-25 02:40:27.392794
Durum Güncelleme,Sunt rem omnis quisquam cum.,15,Orta,Okunmadı,2025-01-03,2025-12-25 02:40:27.392794,2025-12-25 02:40:27.392794
Ekip Atama,Maiores quas officiis ut exercitationem quos excepturi.,45,Düşük,Okunmadı,2025-02-12,2025-12-25 02:40:27.392794,2025-12-25 02:40:27.392794
Dağıtım Bildirimi,Numquam velit aliquam quae placeat dolores.,26,Orta,Okundu,2025-06-08,2025-12-25 02:40:27.392794,2025-12-25 02:40:27.392794
Kaynak Gereksinimi,Non vero necessitatibus voluptatibus atque accusamus quisquam est.,14,Yüksek,Okundu,2025-03-08,2025-12-25 02:40:27.392794,2025-12-25 02:40:27.392794
Kritik Uyarı,Libero iste cumque eos.,7,Orta,Okunmadı,2025-02-25,2025-12-25 02:40:27.392794,2025-12-25 02:40:27.392794
İhtiyaç Talebi,Eius facilis at debitis.,46,Yüksek,Okundu,2025-03-04,2025-12-25 02:40:27.392794,2025-12-25 02:40:27.392794
Dağıtım Bildirimi,Ducimus labore ducimus soluta officiis consequuntur commodi.,31,Orta,Okundu,2025-01-15,2025-12-25 02:40:27.392794,2025-12-25 02:40:27.392794
Uyarı,Laborum facilis enim illum nulla perspiciatis ipsam.,24,Düşük,Okundu,2025-04-19,2025-12-25 02:40:27.392794,2025-12-25 02:40:27.392794
Bölge Raporu,Sapiente veritatis fugiat placeat magni ea soluta.,31,Orta,Okunmadı,2025-04-26,2025-12-25 02:40:27.392794,2025-12-25 02:40:27.392794
Uyarı,Nulla officia qui.,29,Yüksek,Okundu,2025-04-02,2025-12-25 02:40:27.392794,2025-12-25 02:40:27.392794
Uyarı,Praesentium natus culpa autem fugiat.,42,Orta,Okunmadı,2025-05-18,2025-12-25 02:40:27.392794,2025-12-25 02:40:27.392794
Ekip Atama,Id asperiores harum iure atque iure odit.,32,Yüksek,Okundu,2025-06-15,2025-12-25 02:40:27.392794,2025-12-25 02:40:27.392794
Acil Durum,Autem debitis autem vero id inventore illo.,17,Yüksek,Okunmadı,2025-02-16,2025-12-25 02:40:27.392794,2025-12-25 02:40:27.392794
Kaynak Gereksinimi,Et voluptatum laborum praesentium.,14,Orta,Okunmadı,2025-02-26,2025-12-25 02:40:27.392794,2025-12-25 02:40:27.392794
Kritik Uyarı,Beatae iste molestias veniam corporis distinctio necessitatibus.,40,Düşük,Okunmadı,2025-02-19,2025-12-25 02:40:27.392794,2025-12-25 02:40:27.392794
Acil Durum,Quo aperiam repellat ratione voluptatem distinctio distinctio ad.,36,Orta,Okunmadı,2025-03-12,2025-12-25 02:40:27.392794,2025-12-25 02:40:27.392794
Dağıtım Bildirimi,Earum odio assumenda architecto illo error.,48,Orta,Okundu,2025-05-23,2025-12-25 02:40:27.392794,2025-12-25 02:40:27.392794
Uyarı,Sit minima pariatur ea rerum at temporibus.,24,Orta,Okunmadı,2025-05-26,2025-12-25 02:40:27.392794,2025-12-25 02:40:27.392794
Ekip Atama,Vitae error dicta velit laboriosam modi.,45,Orta,Okunmadı,2025-03-23,2025-12-25 02:40:27.392794,2025-12-25 02:40:27.392794
Dağıtım Bildirimi,Vitae ipsa totam necessitatibus.,27,Orta,Okundu,2025-04-26,2025-12-25 02:40:27.392794,2025-12-25 02:40:27.392794
Bölge Raporu,Natus tempora dicta.,25,Orta,Okunmadı,2025-04-15,2025-12-25 02:40:27.392794,2025-12-25 02:40:27.392794
Kaynak Gereksinimi,Nulla eum voluptates vel quia qui et corrupti.,32,Orta,Okunmadı,2025-03-29,2025-12-25 02:40:27.392794,2025-12-25 02:40:27.392794
Kritik Uyarı,Ut libero et recusandae perferendis ea quam.,18,Orta,Okundu,2025-01-02,2025-12-25 02:40:27.392794,2025-12-25 02:40:27.392794
Bölge Raporu,Velit similique odio odit neque alias quia.,46,Orta,Okundu,2025-04-14,2025-12-25 02:40:27.392794,2025-12-25 02:40:27.392794
Ekip Atama,In molestias cumque fugiat expedita.,18,Orta,Okundu,2025-03-25,2025-12-25 02:40:27.392794,2025-12-25 02:40:27.392794
Kaynak Gereksinimi,Voluptas nemo accusamus repellendus accusamus.,37,Orta,Okundu,2025-02-12,2025-12-25 02:40:27.392794,2025-12-25 02:40:27.392794
Dağıtım Bildirimi,Magnam sint praesentium officiis iste.,26,Yüksek,Okundu,2025-06-03,2025-12-25 02:40:27.392794,2025-12-25 02:40:27.392794
Uyarı,Explicabo repudiandae incidunt voluptate excepturi unde.,9,Orta,Okunmadı,2025-03-12,2025-12-25 02:40:27.392794,2025-12-25 02:40:27.392794
Uyarı,Incidunt debitis nisi molestiae fugit sapiente porro.,35,Orta,Okundu,2025-06-15,2025-12-25 02:40:27.392794,2025-12-25 02:40:27.392794
Sistem Bildirimi,Odio praesentium vel temporibus aut assumenda.,8,Orta,Okundu,2025-04-04,2025-12-25 02:40:27.392794,2025-12-25 02:40:27.392794
Uyarı,At accusamus ut aut.,20,Düşük,Okundu,2025-02-11,2025-12-25 02:40:27.392794,2025-12-25 02:40:27.392794
Durum Güncelleme,Unde aut ipsam neque adipisci enim in dolore.,42,Düşük,Okundu,2025-05-13,2025-12-25 02:40:27.392794,2025-12-25 02:40:27.392794
Uyarı,Mollitia beatae sequi veritatis expedita recusandae iure.,22,Yüksek,Okunmadı,2025-05-19,2025-12-25 02:40:27.392794,2025-12-25 02:40:27.392794
Durum Güncelleme,Ab fugiat dolore eligendi sunt eaque.,19,Orta,Okundu,2025-03-06,2025-12-25 02:40:27.392794,2025-12-25 02:40:27.392794
İhtiyaç Talebi,Perferendis a tenetur adipisci ad ratione.,30,Orta,Okundu,2025-02-03,2025-12-25 02:40:27.392794,2025-12-25 02:40:27.392794
Durum Güncelleme,Reprehenderit nobis ex vero voluptatibus doloribus voluptate.,28,Orta,Okundu,2025-04-30,2025-12-25 02:40:27.392794,2025-12-25 02:40:27.392794
Kaynak Gereksinimi,Nulla hic amet ut inventore.,35,Düşük,Okunmadı,2025-01-01,2025-12-25 02:40:27.392794,2025-12-25 02:40:27.392794
Bölge Raporu,Voluptate cupiditate temporibus maxime ipsa aut.,43,Orta,Okunmadı,2025-05-10,2025-12-25 02:40:27.392794,2025-12-25 02:40:27.392794
Kaynak Gereksinimi,Magnam occaecati quos sapiente.,11,Orta,Okunmadı,2025-05-28,2025-12-25 02:40:27.392794,2025-12-25 02:40:27.392794
Bölge Raporu,Totam saepe culpa eum at ad accusamus quo.,31,Orta,Okundu,2025-03-02,2025-12-25 02:40:27.392794,2025-12-25 02:40:27.392794
Sistem Bildirimi,Adipisci provident ullam aspernatur.,49,Orta,Okunmadı,2025-05-29,2025-12-25 02:40:27.392794,2025-12-25 02:40:27.392794
İhtiyaç Talebi,Ad quasi voluptatem odio quod delectus.,48,Düşük,Okunmadı,2025-03-29,2025-12-25 02:40:27.392794,2025-12-25 02:40:27.392794
Bölge Raporu,Error modi doloribus quod ratione.,39,Düşük,Okundu,2025-03-09,2025-12-25 02:40:27.392794,2025-12-25 02:40:27.392794
