ad,il,ilce,created_at,updated_at
Şahinbey,Gaziantep,Merkez,2025-12-25 02:40:27.203884,2025-12-25 02:40:27.203884
Şehitkamil,Gaziantep,Merkez,2025-12-25 02:40:27.203884,2025-12-25 02:40:27.203884
Oğuzeli,Gaziantep,Merkez,2025-12-25 02:40:27.203884,2025-12-25 02:40:27.203884
Karkamış,Gaziantep,Merkez,2025-12-25 02:40:27.203884,2025-12-25 02:40:27.203884
Nizip,Gaziantep,Merkez,2025-12-25 02:40:27.203884,2025-12-25 02:40:27.203884
İslahiye,Gaziantep,Merkez,2025-12-25 02:40:27.203884,2025-12-25 02:40:27.203884
Araban,Gaziantep,Merkez,2025-12-25 02:40:27.203884,2025-12-25 02:40:27.203884
Yavuzeli,Gaziantep,Merkez,2025-12-25 02:40:27.203884,2025-12-25 02:40:27.203884
Nurdağı,Gaziantep,Merkez,2025-12-25 02:40:27.203884,2025-12-25 02:40:27.203884
Merkez,Gaziantep,Merkez,2025-12-25 02:40:27.203884,2025-12-25 02:40:27.203884
