ekip_adi,lider_ad,bolge_id,iletisim,durum,created_at,updated_at
Ekip 1,Emiş Şama Akçay,9,0321 298 33 81,Hazır,2025-12-25 02:40:27.371623,2025-12-25 02:40:27.371623
Ekip 2,Sümerya Erdoğan,2,742 3 362,Dinleniyor,2025-12-25 02:40:27.371623,2025-12-25 02:40:27.371623
Ekip 3,Alsoy Tevetoğlu,2,04497347156,Hazır,2025-12-25 02:40:27.371623,2025-12-25 02:40:27.371623
Ekip 4,Öğr. Umuşan Harbinaz Zorlu Zengin,9,277 6 896,Dinleniyor,2025-12-25 02:40:27.371623,2025-12-25 02:40:27.371623
Ekip 5,Elhan Yıldırım,7,0706 614 98 28,Hazır,2025-12-25 02:40:27.371623,2025-12-25 02:40:27.371623
Ekip 6,Gökçil Emirşan Korutürk Şafak,7,0467 474 68 97,Dinleniyor,2025-12-25 02:40:27.371623,2025-12-25 02:40:27.371623
Ekip 7,Yrd. Doç. Asım Altuğ Yaman,1,+90 (527) 3230085,Görevde,2025-12-25 02:40:27.371623,2025-12-25 02:40:27.371623
Ekip 8,Teybet Mehrigül Akar Manço,6,+90(666)567-4916x016,Hazır,2025-12-25 02:40:27.371623,2025-12-25 02:40:27.371623
Ekip 9,Gülsevil Şensoy Türk,7,0364 587 50 66,Hazır,2025-12-25 02:40:27.371623,2025-12-25 02:40:27.371623
Ekip 10,Doç. Süha Mishat Korutürk,6,03705024972,Görevde,2025-12-25 02:40:27.371623,2025-12-25 02:40:27.371623
Ekip 11,Enfes Aslan,6,0399-201 1669,Dinleniyor,2025-12-25 02:40:27.371623,2025-12-25 02:40:27.371623
Ekip 12,Aygönenç Fırat,2,+90 (836) 2644886,Hazır,2025-12-25 02:40:27.371623,2025-12-25 02:40:27.371623
Ekip 13,Dr. Mahter Anka Bilgin,6,0611-952 4364,Hazır,2025-12-25 02:40:27.371623,2025-12-25 02:40:27.371623
Ekip 14,Natalia Yüksel,4,+90(270)1168646,Görevde,2025-12-25 02:40:27.371623,2025-12-25 02:40:27.371623
Ekip 15,Sakip Yorulmaz,9,0252 237 28 17,Görevde,2025-12-25 02:40:27.371623,2025-12-25 02:40:27.371623
Ekip 16,Prof. Uzsoy Vaysal Gül,1,02302346791,Görevde,2025-12-25 02:40:27.371623,2025-12-25 02:40:27.371623
Ekip 17,Yrd. Doç. Kayagün Ramadan Hayrioğlu,8,0141 614 15 09,Görevde,2025-12-25 02:40:27.371623,2025-12-25 02:40:27.371623
Ekip 18,Öğr. Tekiner Yılmaz,5,07710040901,Hazır,2025-12-25 02:40:27.371623,2025-12-25 02:40:27.371623
Ekip 19,Okbay Erdoğan,1,08069847759,Dinleniyor,2025-12-25 02:40:27.371623,2025-12-25 02:40:27.371623
Ekip 20,Alkor Şener,4,555 5 356,Görevde,2025-12-25 02:40:27.371623,2025-12-25 02:40:27.371623
