rapor_turu,bolge_id,olusturan_id,dosya_yolu,olusturma_tarihi,created_at,updated_at
Günlük,9,35,reports/rapor_1.pdf,2025-05-11,2025-12-25 02:40:27.377688,2025-12-25 02:40:27.377688
Haftalık,9,48,reports/rapor_2.pdf,2025-04-24,2025-12-25 02:40:27.377688,2025-12-25 02:40:27.377688
Haftalık,9,30,reports/rapor_3.pdf,2025-03-03,2025-12-25 02:40:27.377688,2025-12-25 02:40:27.377688
Günlük,8,36,reports/rapor_4.pdf,2025-04-16,2025-12-25 02:40:27.377688,2025-12-25 02:40:27.377688
Haftalık,10,25,reports/rapor_5.pdf,2025-03-05,2025-12-25 02:40:27.377688,2025-12-25 02:40:27.377688
Günlük,3,16,reports/rapor_6.pdf,2025-04-12,2025-12-25 02:40:27.377688,2025-12-25 02:40:27.377688
Günlük,1,19,reports/rapor_7.pdf,2025-06-22,2025-12-25 02:40:27.377688,2025-12-25 02:40:27.377688
Haftalık,8,1,reports/rapor_8.pdf,2025-04-16,2025-12-25 02:40:27.377688,2025-12-25 02:40:27.377688
Günlük,7,5,reports/rapor_9.pdf,2025-01-20,2025-12-25 02:40:27.377688,2025-12-25 02:40:27.377688
Günlük,5,22,reports/rapor_10.pdf,2025-02-27,2025-12-25 02:40:27.377688,2025-12-25 02:40:27.377688
Haftalık,10,24,reports/rapor_11.pdf,2025-04-22,2025-12-25 02:40:27.377688,2025-12-25 02:40:27.377688
Aylık,7,43,reports/rapor_12.pdf,2025-02-26,2025-12-25 02:40:27.377688,2025-12-25 02:40:27.377688
Günlük,10,45,reports/rapor_13.pdf,2025-04-29,2025-12-25 02:40:27.377688,2025-12-25 02:40:27.377688
Günlük,4,37,reports/rapor_14.pdf,2025-04-07,2025-12-25 02:40:27.377688,2025-12-25 02:40:27.377688
Günlük,9,36,reports/rapor_15.pdf,2025-04-02,2025-12-25 02:40:27.377688,2025-12-25 02:40:27.377688
Aylık,10,36,reports/rapor_16.pdf,2025-02-21,2025-12-25 02:40:27.377688,2025-12-25 02:40:27.377688
Haftalık,2,4,reports/rapor_17.pdf,2025-02-06,2025-12-25 02:40:27.377688,2025-12-25 02:40:27.377688
Günlük,9,36,reports/rapor_18.pdf,2025-01-08,2025-12-25 02:40:27.377688,2025-12-25 02:40:27.377688
Günlük,9,18,reports/rapor_19.pdf,2025-02-13,2025-12-25 02:40:27.377688,2025-12-25 02:40:27.377688
Günlük,5,50,reports/rapor_20.pdf,2025-04-08,2025-12-25 02:40:27.377688,2025-12-25 02:40:27.377688
Haftalık,1,16,reports/rapor_21.pdf,2025-05-13,2025-12-25 02:40:27.377688,2025-12-25 02:40:27.377688
Haftalık,7,41,reports/rapor_22.pdf,2025-04-28,2025-12-25 02:40:27.377688,2025-12-25 02:40:27.377688
Haftalık,10,18,reports/rapor_23.pdf,2025-03-10,2025-12-25 02:40:27.377688,2025-12-25 02:40:27.377688
Aylık,10,22,reports/rapor_24.pdf,2025-06-08,2025-12-25 02:40:27.377688,2025-12-25 02:40:27.377688
Günlük,4,2,reports/rapor_25.pdf,2025-02-14,2025-12-25 02:40:27.377688,2025-12-25 02:40:27.377688
Günlük,9,21,reports/rapor_26.pdf,2025-05-17,2025-12-25 02:40:27.377688,2025-12-25 02:40:27.377688
Günlük,6,36,reports/rapor_27.pdf,2025-02-01,2025-12-25 02:40:27.377688,2025-12-25 02:40:27.377688
Günlük,3,44,reports/rapor_28.pdf,2025-02-02,2025-12-25 02:40:27.377688,2025-12-25 02:40:27.377688
Günlük,6,39,reports/rapor_29.pdf,2025-05-06,2025-12-25 02:40:27.377688,2025-12-25 02:40:27.377688
Günlük,10,47,reports/rapor_30.pdf,2025-03-08,2025-12-25 02:40:27.377688,2025-12-25 02:40:27.377688
Haftalık,6,39,reports/rapor_31.pdf,2025-01-30,2025-12-25 02:40:27.377688,2025-12-25 02:40:27.377688
Haftalık,5,29,reports/rapor_32.pdf,2025-04-24,2025-12-25 02:40:27.377688,2025-12-25 02:40:27.377688
Günlük,2,26,reports/rapor_33.pdf,2025-01-29,2025-12-25 02:40:27.377688,2025-12-25 02:40:27.377688
Günlük,10,21,reports/rapor_34.pdf,2025-05-11,2025-12-25 02:40:27.377688,2025-12-25 02:40:27.377688
Günlük,10,17,reports/rapor_35.pdf,2025-01-30,2025-12-25 02:40:27.377688,2025-12-25 02:40:27.377688
Haftalık,2,16,reports/rapor_36.pdf,2025-05-17,2025-12-25 02:40:27.377688,2025-12-25 02:40:27.377688
Haftalık,7,31,reports/rapor_37.pdf,2025-06-03,2025-12-25 02:40:27.377688,2025-12-25 02:40:27.377688
Günlük,2,9,reports/rapor_38.pdf,2025-05-10,2025-12-25 02:40:27.377688,2025-12-25 02:40:27.377688
Günlük,6,31,reports/rapor_39.pdf,2025-03-03,2025-12-25 02:40:27.377688,2025-12-25 02:40:27.377688
Günlük,5,14,reports/rapor_40.pdf,2025-01-03,2025-12-25 02:40:27.377688,2025-12-25 02:40:27.377688
Günlük,4,49,reports/rapor_41.pdf,2025-06-23,2025-12-25 02:40:27.377688,2025-12-25 02:40:27.377688
Günlük,7,37,reports/rapor_42.pdf,2025-03-09,2025-12-25 02:40:27.377688,2025-12-25 02:40:27.377688
Haftalık,8,2,reports/rapor_43.pdf,2025-01-25,2025-12-25 02:40:27.377688,2025-12-25 02:40:27.377688
Haftalık,4,48,reports/rapor_44.pdf,2025-06-28,2025-12-25 02:40:27.377688,2025-12-25 02:40:27.377688
Günlük,1,46,reports/rapor_45.pdf,2025-05-21,2025-12-25 02:40:27.377688,2025-12-25 02:40:27.377688
Haftalık,1,14,reports/rapor_46.pdf,2025-02-13,2025-12-25 02:40:27.377688,2025-12-25 02:40:27.377688
Aylık,1,33,reports/rapor_47.pdf,2025-06-12,2025-12-25 02:40:27.377688,2025-12-25 02:40:27.377688
Günlük,1,35,reports/rapor_48.pdf,2025-02-24,2025-12-25 02:40:27.377688,2025-12-25 02:40:27.377688
Günlük,5,39,reports/rapor_49.pdf,2025-05-17,2025-12-25 02:40:27.377688,2025-12-25 02:40:27.377688
Aylık,4,47,reports/rapor_50.pdf,2025-05-10,2025-12-25 02:40:27.377688,2025-12-25 02:40:27.377688
Günlük,9,20,reports/rapor_51.pdf,2025-02-10,2025-12-25 02:40:27.377688,2025-12-25 02:40:27.377688
Aylık,3,2,reports/rapor_52.pdf,2025-06-21,2025-12-25 02:40:27.377688,2025-12-25 02:40:27.377688
Aylık,7,41,reports/rapor_53.pdf,2025-03-05,2025-12-25 02:40:27.377688,2025-12-25 02:40:27.377688
Haftalık,8,19,reports/rapor_54.pdf,2025-01-31,2025-12-25 02:40:27.377688,2025-12-25 02:40:27.377688
Haftalık,6,37,reports/rapor_55.pdf,2025-02-16,2025-12-25 02:40:27.377688,2025-12-25 02:40:27.377688
Haftalık,10,18,reports/rapor_56.pdf,2025-05-10,2025-12-25 02:40:27.377688,2025-12-25 02:40:27.377688
Haftalık,1,16,reports/rapor_57.pdf,2025-04-06,2025-12-25 02:40:27.377688,2025-12-25 02:40:27.377688
Günlük,8,4,reports/rapor_58.pdf,2025-03-18,2025-12-25 02:40:27.377688,2025-12-25 02:40:27.377688
Günlük,10,12,reports/rapor_59.pdf,2025-04-20,2025-12-25 02:40:27.377688,2025-12-25 02:40:27.377688
Günlük,3,29,reports/rapor_60.pdf,2025-03-10,2025-12-25 02:40:27.377688,2025-12-25 02:40:27.377688
Haftalık,8,7,reports/rapor_61.pdf,2025-02-27,2025-12-25 02:40:27.377688,2025-12-25 02:40:27.377688
Günlük,4,14,reports/rapor_62.pdf,2025-04-16,2025-12-25 02:40:27.377688,2025-12-25 02:40:27.377688
Günlük,8,12,reports/rapor_63.pdf,2025-02-13,2025-12-25 02:40:27.377688,2025-12-25 02:40:27.377688
Günlük,1,35,reports/rapor_64.pdf,2025-03-15,2025-12-25 02:40:27.377688,2025-12-25 02:40:27.377688
Haftalık,3,5,reports/rapor_65.pdf,2025-02-25,2025-12-25 02:40:27.377688,2025-12-25 02:40:27.377688
Aylık,6,17,reports/rapor_66.pdf,2025-06-20,2025-12-25 02:40:27.377688,2025-12-25 02:40:27.377688
Aylık,9,42,reports/rapor_67.pdf,2025-05-07,2025-12-25 02:40:27.377688,2025-12-25 02:40:27.377688
Günlük,2,32,reports/rapor_68.pdf,2025-06-11,2025-12-25 02:40:27.377688,2025-12-25 02:40:27.377688
Haftalık,1,10,reports/rapor_69.pdf,2025-01-30,2025-12-25 02:40:27.377688,2025-12-25 02:40:27.377688
Haftalık,10,43,reports/rapor_70.pdf,2025-03-12,2025-12-25 02:40:27.377688,2025-12-25 02:40:27.377688
Günlük,3,17,reports/rapor_71.pdf,2025-04-28,2025-12-25 02:40:27.377688,2025-12-25 02:40:27.377688
Günlük,4,5,reports/rapor_72.pdf,2025-02-24,2025-12-25 02:40:27.377688,2025-12-25 02:40:27.377688
Günlük,5,45,reports/rapor_73.pdf,2025-03-08,2025-12-25 02:40:27.377688,2025-12-25 02:40:27.377688
Aylık,3,42,reports/rapor_74.pdf,2025-05-21,2025-12-25 02:40:27.377688,2025-12-25 02:40:27.377688
Günlük,10,9,reports/rapor_75.pdf,2025-01-03,2025-12-25 02:40:27.377688,2025-12-25 02:40:27.377688
Günlük,2,49,reports/rapor_76.pdf,2025-01-26,2025-12-25 02:40:27.377688,2025-12-25 02:40:27.377688
Haftalık,2,33,reports/rapor_77.pdf,2025-02-26,2025-12-25 02:40:27.377688,2025-12-25 02:40:27.377688
Günlük,7,36,reports/rapor_78.pdf,2025-05-06,2025-12-25 02:40:27.377688,2025-12-25 02:40:27.377688
Günlük,9,36,reports/rapor_79.pdf,2025-06-01,2025-12-25 02:40:27.377688,2025-12-25 02:40:27.377688
Haftalık,10,18,reports/rapor_80.pdf,2025-02-22,2025-12-25 02:40:27.377688,2025-12-25 02:40:27.377688
Günlük,2,9,reports/rapor_81.pdf,2025-02-12,2025-12-25 02:40:27.377688,2025-12-25 02:40:27.377688
Haftalık,7,29,reports/rapor_82.pdf,2025-02-18,2025-12-25 02:40:27.377688,2025-12-25 02:40:27.377688
Günlük,7,50,reports/rapor_83.pdf,2025-02-11,2025-12-25 02:40:27.377688,2025-12-25 02:40:27.377688
Haftalık,7,14,reports/rapor_84.pdf,2025-01-11,2025-12-25 02:40:27.377688,2025-12-25 02:40:27.377688
Haftalık,3,25,reports/rapor_85.pdf,2025-04-13,2025-12-25 02:40:27.377688,2025-12-25 02:40:27.377688
Günlük,7,15,reports/rapor_86.pdf,2025-04-08,2025-12-25 02:40:27.377688,2025-12-25 02:40:27.377688
Günlük,1,6,reports/rapor_87.pdf,2025-05-26,2025-12-25 02:40:27.377688,2025-12-25 02:40:27.377688
Haftalık,10,42,reports/rapor_88.pdf,2025-03-26,2025-12-25 02:40:27.377688,2025-12-25 02:40:27.377688
Haftalık,1,29,reports/rapor_89.pdf,2025-04-10,2025-12-25 02:40:27.377688,2025-12-25 02:40:27.377688
Haftalık,5,15,reports/rapor_90.pdf,2025-04-14,2025-12-25 02:40:27.377688,2025-12-25 02:40:27.377688
Haftalık,2,29,reports/rapor_91.pdf,2025-06-29,2025-12-25 02:40:27.377688,2025-12-25 02:40:27.377688
Günlük,9,4,reports/rapor_92.pdf,2025-02-15,2025-12-25 02:40:27.377688,2025-12-25 02:40:27.377688
Günlük,7,18,reports/rapor_93.pdf,2025-02-13,2025-12-25 02:40:27.377688,2025-12-25 02:40:27.377688
Aylık,4,50,reports/rapor_94.pdf,2025-01-22,2025-12-25 02:40:27.377688,2025-12-25 02:40:27.377688
Günlük,4,49,reports/rapor_95.pdf,2025-04-24,2025-12-25 02:40:27.377688,2025-12-25 02:40:27.377688
Günlük,2,44,reports/rapor_96.pdf,2025-05-05,2025-12-25 02:40:27.377688,2025-12-25 02:40:27.377688
Günlük,5,39,reports/rapor_97.pdf,2025-05-04,2025-12-25 02:40:27.377688,2025-12-25 02:40:27.377688
Günlük,4,16,reports/rapor_98.pdf,2025-01-30,2025-12-25 02:40:27.377688,2025-12-25 02:40:27.377688
Günlük,1,11,reports/rapor_99.pdf,2025-01-08,2025-12-25 02:40:27.377688,2025-12-25 02:40:27.377688
Aylık,8,14,reports/rapor_100.pdf,2025-04-08,2025-12-25 02:40:27.377688,2025-12-25 02:40:27.377688
