malzeme_adi,miktar,birim,depo_id,created_at,updated_at
Su,150,adet,2,2025-12-25 02:40:27.348653,2025-12-25 02:40:27.348653
Gıda Paketi,463,adet,2,2025-12-25 02:40:27.348653,2025-12-25 02:40:27.348653
Çadır,200,adet,5,2025-12-25 02:40:27.348653,2025-12-25 02:40:27.348653
İlaç,449,adet,4,2025-12-25 02:40:27.348653,2025-12-25 02:40:27.348653
Battaniye,319,adet,5,2025-12-25 02:40:27.348653,2025-12-25 02:40:27.348653
Maske,120,adet,3,2025-12-25 02:40:27.348653,2025-12-25 02:40:27.348653
Dezenfektan,229,adet,2,2025-12-25 02:40:27.348653,2025-12-25 02:40:27.348653
Mutfak Seti,173,adet,5,2025-12-25 02:40:27.348653,2025-12-25 02:40:27.348653
Jeneratör,430,adet,3,2025-12-25 02:40:27.348653,2025-12-25 02:40:27.348653
Yakıt,342,litre,5,2025-12-25 02:40:27.348653,2025-12-25 02:40:27.348653
El Feneri,334,adet,4,2025-12-25 02:40:27.348653,2025-12-25 02:40:27.348653
Koltuk,244,adet,4,2025-12-25 02:40:27.348653,2025-12-25 02:40:27.348653
Çocuk Bezi,448,adet,4,2025-12-25 02:40:27.348653,2025-12-25 02:40:27.348653
Hijyen Seti,277,adet,4,2025-12-25 02:40:27.348653,2025-12-25 02:40:27.348653
Giyim Paketi,480,adet,1,2025-12-25 02:40:27.348653,2025-12-25 02:40:27.348653
Yatak,479,adet,3,2025-12-25 02:40:27.348653,2025-12-25 02:40:27.348653
Yorgan,485,adet,3,2025-12-25 02:40:27.348653,2025-12-25 02:40:27.348653
Yastık,324,adet,4,2025-12-25 02:40:27.348653,2025-12-25 02:40:27.348653
Isıtıcı,155,adet,1,2025-12-25 02:40:27.348653,2025-12-25 02:40:27.348653
Pil,70,adet,4,2025-12-25 02:40:27.348653,2025-12-25 02:40:27.348653
Radyo,113,adet,1,2025-12-25 02:40:27.348653,2025-12-25 02:40:27.348653
İlk Yardım Çantası,214,adet,4,2025-12-25 02:40:27.348653,2025-12-25 02:40:27.348653
Sabun,76,adet,2,2025-12-25 02:40:27.348653,2025-12-25 02:40:27.348653
Şampuan,360,adet,2,2025-12-25 02:40:27.348653,2025-12-25 02:40:27.348653
Diş Fırçası,334,adet,5,2025-12-25 02:40:27.348653,2025-12-25 02:40:27.348653
Oyuncak,197,adet,4,2025-12-25 02:40:27.348653,2025-12-25 02:40:27.348653
Defter,330,adet,3,2025-12-25 02:40:27.348653,2025-12-25 02:40:27.348653
Kalem,375,adet,5,2025-12-25 02:40:27.348653,2025-12-25 02:40:27.348653
Tablet,368,adet,2,2025-12-25 02:40:27.348653,2025-12-25 02:40:27.348653
Powerbank,213,adet,4,2025-12-25 02:40:27.348653,2025-12-25 02:40:27.348653
