name,email,password,role,created_at,updated_at
Akar Ziyaettin Aslan Yüksel,erincerulker@example.com,$2y$10$92IXUNpkjO0rOQ5byMi.Ye4oKoEa3Ro9llC/.og/at2.uheWG/igi,Kullanıcı,2025-12-25 02:40:27.236466,2025-12-25 02:40:27.236466
Uz. Zamir Açıkel Tarhan,rohatfirat@example.net,$2y$10$92IXUNpkjO0rOQ5byMi.Ye4oKoEa3Ro9llC/.og/at2.uheWG/igi,Kullanıcı,2025-12-25 02:40:27.236466,2025-12-25 02:40:27.236466
Suat Şafak,ibilir@example.net,$2y$10$92IXUNpkjO0rOQ5byMi.Ye4oKoEa3Ro9llC/.og/at2.uheWG/igi,Kullanıcı,2025-12-25 02:40:27.236466,2025-12-25 02:40:27.236466
Akdora Aygutalp Bilir,ugehancer@example.com,$2y$10$92IXUNpkjO0rOQ5byMi.Ye4oKoEa3Ro9llC/.og/at2.uheWG/igi,Kullanıcı,2025-12-25 02:40:27.236466,2025-12-25 02:40:27.236466
Arş. Gör. Sıylıhan Akbaş Durmuş,altincicek87@example.org,$2y$10$92IXUNpkjO0rOQ5byMi.Ye4oKoEa3Ro9llC/.og/at2.uheWG/igi,Admin,2025-12-25 02:40:27.236466,2025-12-25 02:40:27.236466
Yağızkurt Şensoy,muktedirerdogan@example.com,$2y$10$92IXUNpkjO0rOQ5byMi.Ye4oKoEa3Ro9llC/.og/at2.uheWG/igi,Kullanıcı,2025-12-25 02:40:27.236466,2025-12-25 02:40:27.236466
Öğr. Seniha İnsaf Aslan,zenginhuda@example.org,$2y$10$92IXUNpkjO0rOQ5byMi.Ye4oKoEa3Ro9llC/.og/at2.uheWG/igi,Kullanıcı,2025-12-25 02:40:27.236466,2025-12-25 02:40:27.236466
Çerçi Sezgin,abuzarerdogan@example.net,$2y$10$92IXUNpkjO0rOQ5byMi.Ye4oKoEa3Ro9llC/.og/at2.uheWG/igi,Kullanıcı,2025-12-25 02:40:27.236466,2025-12-25 02:40:27.236466
Doç. Maksur Şama,bilginbengibay@example.org,$2y$10$92IXUNpkjO0rOQ5byMi.Ye4oKoEa3Ro9llC/.og/at2.uheWG/igi,Kullanıcı,2025-12-25 02:40:27.236466,2025-12-25 02:40:27.236466
Ferahdiba Bilir,besin83@example.com,$2y$10$92IXUNpkjO0rOQ5byMi.Ye4oKoEa3Ro9llC/.og/at2.uheWG/igi,Kullanıcı,2025-12-25 02:40:27.236466,2025-12-25 02:40:27.236466
Ceyhun Çorlu,ibilir@example.org,$2y$10$92IXUNpkjO0rOQ5byMi.Ye4oKoEa3Ro9llC/.og/at2.uheWG/igi,Kullanıcı,2025-12-25 02:40:27.236466,2025-12-25 02:40:27.236466
Canseven Ergül Akdeniz,yyuksel@example.com,$2y$10$92IXUNpkjO0rOQ5byMi.Ye4oKoEa3Ro9llC/.og/at2.uheWG/igi,Kullanıcı,2025-12-25 02:40:27.236466,2025-12-25 02:40:27.236466
Şehreban Kardelen Sezgin Türk,gakar@example.org,$2y$10$92IXUNpkjO0rOQ5byMi.Ye4oKoEa3Ro9llC/.og/at2.uheWG/igi,Kullanıcı,2025-12-25 02:40:27.236466,2025-12-25 02:40:27.236466
Arş. Gör. Edaviye Nuriyet Çorlu Durmuş,bergul@example.com,$2y$10$92IXUNpkjO0rOQ5byMi.Ye4oKoEa3Ro9llC/.og/at2.uheWG/igi,Admin,2025-12-25 02:40:27.236466,2025-12-25 02:40:27.236466
Nevsale Ürper Akar,ubilge@example.org,$2y$10$92IXUNpkjO0rOQ5byMi.Ye4oKoEa3Ro9llC/.og/at2.uheWG/igi,Kullanıcı,2025-12-25 02:40:27.236466,2025-12-25 02:40:27.236466
Alanalp Ülker,yorulmazulkudes@example.net,$2y$10$92IXUNpkjO0rOQ5byMi.Ye4oKoEa3Ro9llC/.og/at2.uheWG/igi,Kullanıcı,2025-12-25 02:40:27.236466,2025-12-25 02:40:27.236466
Prof. Ferzi Asım Akdeniz,durdali33@example.org,$2y$10$92IXUNpkjO0rOQ5byMi.Ye4oKoEa3Ro9llC/.og/at2.uheWG/igi,Kullanıcı,2025-12-25 02:40:27.236466,2025-12-25 02:40:27.236466
Av. Azettin Kavurt Aslan,byaman@example.org,$2y$10$92IXUNpkjO0rOQ5byMi.Ye4oKoEa3Ro9llC/.og/at2.uheWG/igi,Kullanıcı,2025-12-25 02:40:27.236466,2025-12-25 02:40:27.236466
Dr. Nezize Feyzin Arsoy Ergül,behiza31@example.com,$2y$10$92IXUNpkjO0rOQ5byMi.Ye4oKoEa3Ro9llC/.og/at2.uheWG/igi,Kullanıcı,2025-12-25 02:40:27.236466,2025-12-25 02:40:27.236466
Tınal Aslan,yorulmazsemrin@example.net,$2y$10$92IXUNpkjO0rOQ5byMi.Ye4oKoEa3Ro9llC/.og/at2.uheWG/igi,Admin,2025-12-25 02:40:27.236466,2025-12-25 02:40:27.236466
Tanbay Şener,corlunecmettin@example.org,$2y$10$92IXUNpkjO0rOQ5byMi.Ye4oKoEa3Ro9llC/.og/at2.uheWG/igi,Kullanıcı,2025-12-25 02:40:27.236466,2025-12-25 02:40:27.236466
Arş. Gör. Yurtgüven Yüksel,esoylu@example.org,$2y$10$92IXUNpkjO0rOQ5byMi.Ye4oKoEa3Ro9llC/.og/at2.uheWG/igi,Kullanıcı,2025-12-25 02:40:27.236466,2025-12-25 02:40:27.236466
Öğr. Kasim Aslan,dakcay@example.org,$2y$10$92IXUNpkjO0rOQ5byMi.Ye4oKoEa3Ro9llC/.og/at2.uheWG/igi,Kullanıcı,2025-12-25 02:40:27.236466,2025-12-25 02:40:27.236466
Dr. Günkurt Şanlı Öcalan,yyilmaz@example.com,$2y$10$92IXUNpkjO0rOQ5byMi.Ye4oKoEa3Ro9llC/.og/at2.uheWG/igi,Kullanıcı,2025-12-25 02:40:27.236466,2025-12-25 02:40:27.236466
Eflâtun İlgi Türk,barslan@example.net,$2y$10$92IXUNpkjO0rOQ5byMi.Ye4oKoEa3Ro9llC/.og/at2.uheWG/igi,Kullanıcı,2025-12-25 02:40:27.236466,2025-12-25 02:40:27.236466
Rabbiye Aslan,mmanco@example.com,$2y$10$92IXUNpkjO0rOQ5byMi.Ye4oKoEa3Ro9llC/.og/at2.uheWG/igi,Kullanıcı,2025-12-25 02:40:27.236466,2025-12-25 02:40:27.236466
Dirlik Çamurcuoğlu,basimzengin@example.net,$2y$10$92IXUNpkjO0rOQ5byMi.Ye4oKoEa3Ro9llC/.og/at2.uheWG/igi,Kullanıcı,2025-12-25 02:40:27.236466,2025-12-25 02:40:27.236466
Gülşa Şensoy,koruturktekbay@example.org,$2y$10$92IXUNpkjO0rOQ5byMi.Ye4oKoEa3Ro9llC/.og/at2.uheWG/igi,Kullanıcı,2025-12-25 02:40:27.236466,2025-12-25 02:40:27.236466
Öğr. Sevican Manço Eraslan,zengincanseven@example.net,$2y$10$92IXUNpkjO0rOQ5byMi.Ye4oKoEa3Ro9llC/.og/at2.uheWG/igi,Kullanıcı,2025-12-25 02:40:27.236466,2025-12-25 02:40:27.236466
Erdibay Korutürk,bariszorlu@example.org,$2y$10$92IXUNpkjO0rOQ5byMi.Ye4oKoEa3Ro9llC/.og/at2.uheWG/igi,Kullanıcı,2025-12-25 02:40:27.236466,2025-12-25 02:40:27.236466
İlklima Şafak,berentevetoglu@example.org,$2y$10$92IXUNpkjO0rOQ5byMi.Ye4oKoEa3Ro9llC/.og/at2.uheWG/igi,Kullanıcı,2025-12-25 02:40:27.236466,2025-12-25 02:40:27.236466
Nevsale Bilgin Yaman,unekdemir@example.net,$2y$10$92IXUNpkjO0rOQ5byMi.Ye4oKoEa3Ro9llC/.og/at2.uheWG/igi,Kullanıcı,2025-12-25 02:40:27.236466,2025-12-25 02:40:27.236466
Dr. Aysuna Bilge Demir,menfeattevetoglu@example.org,$2y$10$92IXUNpkjO0rOQ5byMi.Ye4oKoEa3Ro9llC/.og/at2.uheWG/igi,Kullanıcı,2025-12-25 02:40:27.236466,2025-12-25 02:40:27.236466
Tekbay Aksu,sevensevican@example.net,$2y$10$92IXUNpkjO0rOQ5byMi.Ye4oKoEa3Ro9llC/.og/at2.uheWG/igi,Kullanıcı,2025-12-25 02:40:27.236466,2025-12-25 02:40:27.236466
Yrd. Doç. Banü Nurşan Kısakürek,rasul35@example.org,$2y$10$92IXUNpkjO0rOQ5byMi.Ye4oKoEa3Ro9llC/.og/at2.uheWG/igi,Kullanıcı,2025-12-25 02:40:27.236466,2025-12-25 02:40:27.236466
Arş. Gör. Hüda Çağlar Bilge Akça,ozinal24@example.com,$2y$10$92IXUNpkjO0rOQ5byMi.Ye4oKoEa3Ro9llC/.og/at2.uheWG/igi,Kullanıcı,2025-12-25 02:40:27.236466,2025-12-25 02:40:27.236466
Uraltay Gül,beyzade07@example.net,$2y$10$92IXUNpkjO0rOQ5byMi.Ye4oKoEa3Ro9llC/.og/at2.uheWG/igi,Kullanıcı,2025-12-25 02:40:27.236466,2025-12-25 02:40:27.236466
Us Sadittin İnönü Aslan,erdogangurcuye@example.org,$2y$10$92IXUNpkjO0rOQ5byMi.Ye4oKoEa3Ro9llC/.og/at2.uheWG/igi,Admin,2025-12-25 02:40:27.236466,2025-12-25 02:40:27.236466
Dilfeza Arslan,ertan51@example.org,$2y$10$92IXUNpkjO0rOQ5byMi.Ye4oKoEa3Ro9llC/.og/at2.uheWG/igi,Kullanıcı,2025-12-25 02:40:27.236466,2025-12-25 02:40:27.236466
Uz. Servinaz Adila Gül,serda27@example.net,$2y$10$92IXUNpkjO0rOQ5byMi.Ye4oKoEa3Ro9llC/.og/at2.uheWG/igi,Kullanıcı,2025-12-25 02:40:27.236466,2025-12-25 02:40:27.236466
Tomurcuk İnönü,nihan80@example.net,$2y$10$92IXUNpkjO0rOQ5byMi.Ye4oKoEa3Ro9llC/.og/at2.uheWG/igi,Kullanıcı,2025-12-25 02:40:27.236466,2025-12-25 02:40:27.236466
Arş. Gör. Baba Bilge,sirap12@example.com,$2y$10$92IXUNpkjO0rOQ5byMi.Ye4oKoEa3Ro9llC/.og/at2.uheWG/igi,Kullanıcı,2025-12-25 02:40:27.236466,2025-12-25 02:40:27.236466
Türknur Şennur Akar,akgunduzdoganalp@example.net,$2y$10$92IXUNpkjO0rOQ5byMi.Ye4oKoEa3Ro9llC/.og/at2.uheWG/igi,Kullanıcı,2025-12-25 02:40:27.236466,2025-12-25 02:40:27.236466
Karaer İnönü,samurtayarslan@example.net,$2y$10$92IXUNpkjO0rOQ5byMi.Ye4oKoEa3Ro9llC/.og/at2.uheWG/igi,Kullanıcı,2025-12-25 02:40:27.236466,2025-12-25 02:40:27.236466
Arş. Gör. Özakan İhsanoğlu,ucgulsama@example.org,$2y$10$92IXUNpkjO0rOQ5byMi.Ye4oKoEa3Ro9llC/.og/at2.uheWG/igi,Kullanıcı,2025-12-25 02:40:27.236466,2025-12-25 02:40:27.236466
Sümeyye Hayrioğlu,fehmiye74@example.org,$2y$10$92IXUNpkjO0rOQ5byMi.Ye4oKoEa3Ro9llC/.og/at2.uheWG/igi,Kullanıcı,2025-12-25 02:40:27.236466,2025-12-25 02:40:27.236466
Bayan Dilfeza İhsanoğlu Arsoy,senersekim@example.com,$2y$10$92IXUNpkjO0rOQ5byMi.Ye4oKoEa3Ro9llC/.og/at2.uheWG/igi,Kullanıcı,2025-12-25 02:40:27.236466,2025-12-25 02:40:27.236466
Hayrünnisa Ağbegim Yüksel,yilmazturkalp@example.org,$2y$10$92IXUNpkjO0rOQ5byMi.Ye4oKoEa3Ro9llC/.og/at2.uheWG/igi,Admin,2025-12-25 02:40:27.236466,2025-12-25 02:40:27.236466
Atilhan Gül,guneri78@example.net,$2y$10$92IXUNpkjO0rOQ5byMi.Ye4oKoEa3Ro9llC/.og/at2.uheWG/igi,Kullanıcı,2025-12-25 02:40:27.236466,2025-12-25 02:40:27.236466
Av. Behiza İnönü Duran,adurmus@example.org,$2y$10$92IXUNpkjO0rOQ5byMi.Ye4oKoEa3Ro9llC/.og/at2.uheWG/igi,Kullanıcı,2025-12-25 02:40:27.236466,2025-12-25 02:40:27.236466
