ad_soyad,yas,cinsiyet,telefon,adres,bolge_id,kayit_tarihi,created_at,updated_at
Uğurkan Akçay,52,Erkek,+90(156)149-7840x3690,"79908 Cihandide Orchard, New Güzey, GU 00658",2,2025-01-12,2025-12-25 02:40:27.302368,2025-12-25 02:40:27.302368
Sancak Türk,15,Erkek,+90(343)2445107,"PSC 6865, Box 0863, APO AA 50470",3,2025-03-31,2025-12-25 02:40:27.302368,2025-12-25 02:40:27.302368
İldeş Çalım Manço Şafak,72,Kadın,226 8 388,"2473 Semender Rapid, Eraslanborough, AL 93450",7,2025-02-15,2025-12-25 02:40:27.302368,2025-12-25 02:40:27.302368
Aköz Hançer,61,Erkek,(160)607 1596,"818 Çapkan Shoal, Lake Telim, MT 47984",1,2025-02-03,2025-12-25 02:40:27.302368,2025-12-25 02:40:27.302368
Aygönenç Neslinur Bilir Tarhan,21,Kadın,641 6 052,"944 Durdu Lakes Suite 636, Akçaystad, OH 73234",10,2025-06-26,2025-12-25 02:40:27.302368,2025-12-25 02:40:27.302368
Dr. Ağakişi Hükümdar Öcalan,83,Kadın,+90(516)136-9681x645,"562 Mülâyim Mission Apt. 138, Çetinmouth, AS 72666",8,2025-03-19,2025-12-25 02:40:27.302368,2025-12-25 02:40:27.302368
Yrd. Doç. Fehmiye Havali Bilge,87,Kadın,05218188355,"60127 Çorlu Circles, Mishatstad, CO 80327",10,2025-02-14,2025-12-25 02:40:27.302368,2025-12-25 02:40:27.302368
Prof. Ürfettin Akçay,75,Kadın,0312 432 92 12,"9849 Hiçsönmez Route Suite 703, Keteton, WY 79080",10,2025-06-04,2025-12-25 02:40:27.302368,2025-12-25 02:40:27.302368
Bayan Gül Müsemma Çetin,75,Kadın,+90(799)799-5527x177,"205 Servinaz Alley, North Savni, WI 52855",10,2025-03-14,2025-12-25 02:40:27.302368,2025-12-25 02:40:27.302368
Prof. Huban Kerime Aksu,88,Erkek,0490-581 4770,"9380 Celilay Plaza Suite 895, Saydambury, PA 25997",2,2025-01-26,2025-12-25 02:40:27.302368,2025-12-25 02:40:27.302368
Kaygusuz Akver Akdeniz Güçlü,24,Erkek,+90(541)1998679,"042 Zorlu Coves Apt. 845, Port Gelengülview, FM 71005",3,2025-02-16,2025-12-25 02:40:27.302368,2025-12-25 02:40:27.302368
Öğr. İdiris Münif Ergül,3,Kadın,+90(079)359-7820x7151,"769 Öcalan Gardens Suite 779, South Elhanview, CA 50658",9,2025-05-01,2025-12-25 02:40:27.302368,2025-12-25 02:40:27.302368
Haliye Habibe Yıldırım,22,Kadın,+90(203)778-8925x5466,"356 Fırat Plain, Lake Resulcanbury, LA 12691",7,2025-02-25,2025-12-25 02:40:27.302368,2025-12-25 02:40:27.302368
Korugan Şama,53,Erkek,(905)151 8644,"82755 Masume Grove Apt. 373, Lake Nuretdin, VI 35288",4,2025-04-04,2025-12-25 02:40:27.302368,2025-12-25 02:40:27.302368
Belgizar Öcalan,2,Erkek,0519 254 62 91,"95211 Teknaz Shore, Mansıztown, WV 71473",10,2025-04-17,2025-12-25 02:40:27.302368,2025-12-25 02:40:27.302368
Necva Şensoy,88,Kadın,0865-281 6850,"USCGC Arsoy, FPO AP 41843",5,2025-03-04,2025-12-25 02:40:27.302368,2025-12-25 02:40:27.302368
Zehranur Şama Akça,30,Erkek,(423)573 3221,"2846 Melaha Crossroad Apt. 867, New Vargınfurt, VI 90460",2,2025-02-17,2025-12-25 02:40:27.302368,2025-12-25 02:40:27.302368
Barışcan Akgündüz,38,Kadın,0188-805 9296,"87500 Çerçi Prairie Apt. 559, Karakucakside, KS 31583",8,2025-03-02,2025-12-25 02:40:27.302368,2025-12-25 02:40:27.302368
Gözem Zengin,2,Erkek,0229 270 65 37,"2763 Sezer Terrace Suite 564, Akçayshire, DC 75984",4,2025-03-22,2025-12-25 02:40:27.302368,2025-12-25 02:40:27.302368
Ayduru Sakarya,64,Kadın,0738-347 3597,"438 Akdeniz Light, East Geray, NJ 01777",9,2025-01-26,2025-12-25 02:40:27.302368,2025-12-25 02:40:27.302368
Okt. Minibe Seblâ Tevetoğlu,60,Erkek,+90(468)862-3924x075,"88574 Durmuş Walks Apt. 612, East Oruçfort, MP 83058",5,2025-02-05,2025-12-25 02:40:27.302368,2025-12-25 02:40:27.302368
Kaşif Seydo Akar Eraslan,21,Kadın,+90(181)412-4782x6137,"5588 Ergül Brooks Suite 159, New Mehdiye, SD 85583",9,2025-01-01,2025-12-25 02:40:27.302368,2025-12-25 02:40:27.302368
Yamin Merzuk Yılmaz,33,Erkek,(060)685 3615,"5877 Çinerk Ridges Suite 722, Şanlıshire, MO 09852",4,2025-01-08,2025-12-25 02:40:27.302368,2025-12-25 02:40:27.302368
Jankat Şafak,76,Erkek,00515220472,"55449 Aslan Mills Suite 987, Aksuburgh, PR 03528",10,2025-04-23,2025-12-25 02:40:27.302368,2025-12-25 02:40:27.302368
Tümer Çamurcuoğlu,58,Kadın,+90(790)104-3289x861,"413 Özlü Cove, North Burcuhanside, AR 03956",5,2025-04-09,2025-12-25 02:40:27.302368,2025-12-25 02:40:27.302368
Minibe Ülker,22,Erkek,0341-036 9711,"49216 Bilgin Gateway, Asliyeberg, DC 69542",9,2025-06-29,2025-12-25 02:40:27.302368,2025-12-25 02:40:27.302368
Yeneral Ginyas Zorlu Hançer,89,Kadın,+90(980)893-2460x953,"55778 Durmuş Mills, Lake Güzey, HI 77942",8,2025-02-16,2025-12-25 02:40:27.302368,2025-12-25 02:40:27.302368
Okt. Rahiye Mehdiye Durmuş,49,Erkek,218 5 188,"845 Duran Forks Apt. 745, Eraslanberg, ME 01884",3,2025-05-07,2025-12-25 02:40:27.302368,2025-12-25 02:40:27.302368
Dalkılıç Seven,59,Kadın,+90(880)670-6540x5153,"4780 Akça Throughway, Hançertown, WI 56919",1,2025-02-25,2025-12-25 02:40:27.302368,2025-12-25 02:40:27.302368
Gökperi Mansız Durdu,42,Erkek,+90 (952) 0585277,"85368 Gülen Gateway, Lake Sebigül, MS 50093",3,2025-01-14,2025-12-25 02:40:27.302368,2025-12-25 02:40:27.302368
Rayla Zülbiye Karadeniz,60,Kadın,0217 043 03 05,"3894 Şensoy Summit, İlsuborough, PR 09474",4,2025-01-28,2025-12-25 02:40:27.302368,2025-12-25 02:40:27.302368
Göken Arslan,80,Erkek,0868-740 3450,"79749 Akar Islands Apt. 208, East Değmeerport, KY 16890",2,2025-03-19,2025-12-25 02:40:27.302368,2025-12-25 02:40:27.302368
Melihcan Çetin,15,Kadın,(415)667 6527,"12073 Seven Inlet, Arsoymouth, UT 04660",1,2025-05-10,2025-12-25 02:40:27.302368,2025-12-25 02:40:27.302368
Seçgül Dumanlı,62,Erkek,+90(584)161-6928x451,"46187 Kayıt Ville, Çokantown, DE 94175",7,2025-04-19,2025-12-25 02:40:27.302368,2025-12-25 02:40:27.302368
Dr. Gülşeref Umuşan Güçlü Çetin,62,Kadın,+90 (544) 7962757,"03718 Bitül Loaf Suite 520, West Dehaport, ID 47742",8,2025-06-03,2025-12-25 02:40:27.302368,2025-12-25 02:40:27.302368
Dr. Atgun Arslan,47,Kadın,+90(596)4016582,"36502 Zengin Crest, Çetinbury, AL 06005",7,2025-01-14,2025-12-25 02:40:27.302368,2025-12-25 02:40:27.302368
Büşranur Alemdar,62,Kadın,+90(297)0213556,"925 Oldağ Estate Suite 195, North Yasanberg, UT 70801",5,2025-02-25,2025-12-25 02:40:27.302368,2025-12-25 02:40:27.302368
Dr. Gönen Ebuakil Sezgin,51,Erkek,+90(927)5571928,"3585 Gül Fields, Lake Çağverenstad, VA 18160",1,2025-04-25,2025-12-25 02:40:27.302368,2025-12-25 02:40:27.302368
Bilender Yıldırım,55,Kadın,(654)310 2786,"7848 Akar Port, New Vaysal, MD 96498",7,2025-01-07,2025-12-25 02:40:27.302368,2025-12-25 02:40:27.302368
Ercihan Nerim Mansız,64,Erkek,+90(144)739-4731x2172,"82744 Ertaş Alley, Gülburgh, FM 02954",7,2025-01-03,2025-12-25 02:40:27.302368,2025-12-25 02:40:27.302368
Möhsim Seven,3,Kadın,+90(155)188-4422x583,"351 Akar Pine Suite 829, Tolonbaychester, SD 42709",9,2025-04-21,2025-12-25 02:40:27.302368,2025-12-25 02:40:27.302368
Yekda Sezer,51,Erkek,+90 (323) 7058957,"22031 Akar Courts, New Salimetfurt, TN 64714",3,2025-05-31,2025-12-25 02:40:27.302368,2025-12-25 02:40:27.302368
Taçnur Gülen Yüksel,7,Kadın,+90(291)146-7866x9125,"53910 Sevcan Overpass Apt. 705, Alemdarstad, WY 93356",9,2025-04-17,2025-12-25 02:40:27.302368,2025-12-25 02:40:27.302368
Turabi Sezer,21,Erkek,+90 (778) 5289226,"014 Mengi Path Apt. 138, Akarborough, NC 86599",1,2025-01-18,2025-12-25 02:40:27.302368,2025-12-25 02:40:27.302368
Çapkan Bilge,73,Erkek,+90(018)242-2535x8414,"861 Tarhan Mount, Akgündüzville, GA 24145",1,2025-02-07,2025-12-25 02:40:27.302368,2025-12-25 02:40:27.302368
Özakan Mazlum Bilgin Akçay,39,Kadın,08424981829,"289 İhsanoğlu Knoll Suite 855, İnönüchester, GU 95641",4,2025-04-25,2025-12-25 02:40:27.302368,2025-12-25 02:40:27.302368
Bayan Çolpan Hurican Çamurcuoğlu Akdeniz,18,Erkek,0299 590 01 09,"836 Arsoy Mission, Gülentown, VA 05044",9,2025-01-15,2025-12-25 02:40:27.302368,2025-12-25 02:40:27.302368
Mücellib Bektaşi Sezgin Ertaş,4,Erkek,0396-907 8447,"Unit 9082 Box 4043, DPO AE 41776",6,2025-04-29,2025-12-25 02:40:27.302368,2025-12-25 02:40:27.302368
Selmin Mansız,89,Kadın,06471027677,"889 Cuman Camp Suite 522, Yıldırshire, IA 31040",3,2025-01-28,2025-12-25 02:40:27.302368,2025-12-25 02:40:27.302368
Av. Zülbiye Semat Akçay,60,Erkek,05925556258,"96931 Çetin Orchard Apt. 791, Arıelshire, MS 10787",1,2025-02-08,2025-12-25 02:40:27.302368,2025-12-25 02:40:27.302368
Doç. Nerim Dumanlı,14,Erkek,+90(153)714-7321x0469,"6613 Rezin Tunnel Suite 048, West Habibeshire, FL 43339",4,2025-01-17,2025-12-25 02:40:27.302368,2025-12-25 02:40:27.302368
Hoşkadem Karadeniz,9,Erkek,325 9 532,"06799 Mishat Meadows, Özertemberg, DC 44563",9,2025-03-27,2025-12-25 02:40:27.302368,2025-12-25 02:40:27.302368
Yahşi Soylu,53,Kadın,+90(877)470-1687x339,"641 Zorlu Mews, Port Eröz, NJ 73809",3,2025-05-06,2025-12-25 02:40:27.302368,2025-12-25 02:40:27.302368
Çev. Meşhur Asalet Demirel,2,Erkek,(004)797 4801,"938 Nurkan Cliffs Suite 659, North Tagangülchester, NE 48377",9,2025-02-13,2025-12-25 02:40:27.302368,2025-12-25 02:40:27.302368
Hasret Kumral Şama,84,Kadın,245 6 506,"9042 Mansız View Suite 927, Port Nasborough, TX 49498",7,2025-01-25,2025-12-25 02:40:27.302368,2025-12-25 02:40:27.302368
Zeride Çorlu,60,Erkek,+90(983)5841687,"03924 Uzsoy Square, West Aynilhayatfort, AK 44000",4,2025-05-25,2025-12-25 02:40:27.302368,2025-12-25 02:40:27.302368
Binbaşar Bilgin,71,Erkek,+90(499)121-6558x5239,"88487 Zahfer Square, South Mevlüdiyehaven, AZ 33984",3,2025-01-13,2025-12-25 02:40:27.302368,2025-12-25 02:40:27.302368
Fayize Demirel Bilir,44,Erkek,+90(680)002-5787x2982,"94070 Öryürek Shore Suite 510, Selimefurt, IN 50400",10,2025-01-25,2025-12-25 02:40:27.302368,2025-12-25 02:40:27.302368
Kıvılcım Seven,8,Kadın,(952)694 9588,"7981 Korkmazalp Parkway, Durmuştown, AZ 32927",5,2025-03-09,2025-12-25 02:40:27.302368,2025-12-25 02:40:27.302368
Zeyno Ertaş,47,Erkek,+90(794)705-5169x4097,"PSC 4576, Box 2055, APO AA 82451",5,2025-05-18,2025-12-25 02:40:27.302368,2025-12-25 02:40:27.302368
Bayan Gülsü Sabır Kısakürek,35,Erkek,0993-097 2896,"46084 Gökbudun Junctions Suite 216, South Noman, OK 20522",3,2025-03-08,2025-12-25 02:40:27.302368,2025-12-25 02:40:27.302368
Çoğay Durdu,78,Kadın,0309 130 75 62,"578 Kırgız Shoal Apt. 983, West Yahşi, VT 69157",9,2025-04-19,2025-12-25 02:40:27.302368,2025-12-25 02:40:27.302368
Sunay Yılmaz Akça,81,Erkek,368 9 702,"PSC 6292, Box 5188, APO AP 16018",4,2025-05-26,2025-12-25 02:40:27.302368,2025-12-25 02:40:27.302368
Meleknur Orçin Akdeniz Akçay,36,Kadın,+90(385)786-5278x5854,"056 Hançer Mills, Gökenborough, CT 17742",5,2025-04-21,2025-12-25 02:40:27.302368,2025-12-25 02:40:27.302368
Arş. Gör. Zöhrehan Şefiye Akçay,50,Kadın,+90(334)843-4437x575,"993 Mürit Spur Apt. 517, New Nefiye, NJ 93826",4,2025-04-21,2025-12-25 02:40:27.302368,2025-12-25 02:40:27.302368
Öğr. Durmuşali Esentürk Şafak,4,Erkek,+90(441)986-6524x0415,"7722 Mutasım Bypass, İnönütown, KY 54639",5,2025-02-03,2025-12-25 02:40:27.302368,2025-12-25 02:40:27.302368
Bayan Oluş Şama Ülker,2,Kadın,+90(473)384-8421x993,"12797 Bilge Mount, South Ünübol, WI 05983",7,2025-04-21,2025-12-25 02:40:27.302368,2025-12-25 02:40:27.302368
Firdevis Karadeniz Ertaş,6,Erkek,00833016571,"569 Güldam Coves Suite 703, Korutürkton, OH 51278",9,2025-01-08,2025-12-25 02:40:27.302368,2025-12-25 02:40:27.302368
Tayyip Duran,54,Kadın,0082 677 34 54,"47644 Aksu Manors, Nirgülton, UT 68261",7,2025-06-17,2025-12-25 02:40:27.302368,2025-12-25 02:40:27.302368
Koldan Zengin,4,Kadın,+90(193)8026206,"PSC 7718, Box 1298, APO AE 52021",5,2025-04-23,2025-12-25 02:40:27.302368,2025-12-25 02:40:27.302368
Atatöre Şensoy,54,Erkek,+90(240)049-9154x788,"27937 Onat Islands Apt. 111, Şenerstad, CO 69158",10,2025-03-24,2025-12-25 02:40:27.302368,2025-12-25 02:40:27.302368
Uz. Sevsevil Gülbeyan Yorulmaz,63,Kadın,+90(287)431-5274x205,"8602 Durdu Well, East Ferzi, HI 93830",10,2025-02-11,2025-12-25 02:40:27.302368,2025-12-25 02:40:27.302368
Nurmelek Hayrioğlu,18,Kadın,0932-966 8516,"7421 Kâmil Alley Suite 077, Durantown, PA 65180",7,2025-06-18,2025-12-25 02:40:27.302368,2025-12-25 02:40:27.302368
Muvaffak Hayrioğlu,44,Kadın,+90 (227) 5304637,"6719 Oganer Plaza Suite 983, East Gazelton, SD 46247",10,2025-04-11,2025-12-25 02:40:27.302368,2025-12-25 02:40:27.302368
Nurmelek Aslan,34,Kadın,0549-904 5301,"994 Çamurcuoğlu Corners, North İvecenburgh, GA 88593",5,2025-01-06,2025-12-25 02:40:27.302368,2025-12-25 02:40:27.302368
Çev. Bidayet Sirap Yıldırım,74,Kadın,+90(426)841-4593x327,"9501 Hayrioğlu Land, Alemdarland, WV 56511",3,2025-06-29,2025-12-25 02:40:27.302368,2025-12-25 02:40:27.302368
Hiçsönmez Eba Şensoy,62,Erkek,0795 687 83 39,"7214 Fırat Loop, Lake Lutfi, RI 08127",7,2025-01-26,2025-12-25 02:40:27.302368,2025-12-25 02:40:27.302368
Özaslan Şensoy,14,Kadın,+90 (878) 5191088,"9469 Eraslan Pine, Erksoyshire, NM 68619",2,2025-03-05,2025-12-25 02:40:27.302368,2025-12-25 02:40:27.302368
Çağlasın Akdurmuş Akça,48,Erkek,09822587139,"2934 Abdulkadir Crest Apt. 713, Seventon, MA 46330",9,2025-02-28,2025-12-25 02:40:27.302368,2025-12-25 02:40:27.302368
Öğr. Şahat Adıgün Mansız,15,Kadın,+90(187)072-8679x087,"34414 Zorlu Plaza, Abdürreşitville, TX 44185",10,2025-04-19,2025-12-25 02:40:27.302368,2025-12-25 02:40:27.302368
Enes Yaman,72,Erkek,0064-039 1065,"35577 Sebigül Dale, Mançomouth, MH 70882",10,2025-05-01,2025-12-25 02:40:27.302368,2025-12-25 02:40:27.302368
Dr. Dilşat Durdu Akça,78,Erkek,+90 (801) 7046226,"PSC 7608, Box 4958, APO AP 02954",1,2025-02-02,2025-12-25 02:40:27.302368,2025-12-25 02:40:27.302368
Nafii Sezer,87,Kadın,(676)618 2512,"1240 Kısakürek Road Apt. 996, New Elnur, VI 99006",6,2025-05-30,2025-12-25 02:40:27.302368,2025-12-25 02:40:27.302368
Nili Aksu,62,Kadın,+90(682)300-4786x8633,"046 Ergül Wells Apt. 574, New Talayer, HI 15211",7,2025-01-21,2025-12-25 02:40:27.302368,2025-12-25 02:40:27.302368
Över İlalmış Aksu Hançer,40,Kadın,+90(524)310-6903x311,"17807 Kavurt Junctions, Gülhaven, ME 43405",8,2025-03-11,2025-12-25 02:40:27.302368,2025-12-25 02:40:27.302368
Seyithan Akatay İhsanoğlu Hançer,85,Erkek,+90(790)3067383,"230 Kısakürek Station, North Taylakton, TX 78395",10,2025-04-22,2025-12-25 02:40:27.302368,2025-12-25 02:40:27.302368
Permun Akça Demirel,80,Kadın,+90(284)3959953,"0184 Meleknur Trace Suite 353, West Saydam, ND 42332",9,2025-01-04,2025-12-25 02:40:27.302368,2025-12-25 02:40:27.302368
Arıkol Zengin,82,Erkek,0283-644 0892,"2241 Oluş Points, East Hamiyetstad, OH 42245",2,2025-04-04,2025-12-25 02:40:27.302368,2025-12-25 02:40:27.302368
Dr. Vedat Önel Hançer,53,Erkek,870 5 685,"321 Mansız Junction Suite 020, Akçayton, CT 50780",10,2025-03-16,2025-12-25 02:40:27.302368,2025-12-25 02:40:27.302368
Özpınar Selâtin Çetin Türk,24,Erkek,624 6 287,"2997 Hançer Isle Apt. 817, North Zeride, NH 13249",2,2025-03-03,2025-12-25 02:40:27.302368,2025-12-25 02:40:27.302368
Yıldız Samahat Ülker Arsoy,26,Kadın,03427086688,"3329 Çamurcuoğlu Lakes Suite 255, Soylutown, CA 62804",5,2025-04-04,2025-12-25 02:40:27.302368,2025-12-25 02:40:27.302368
Orgün Şensoy,89,Kadın,0634 351 75 18,"2459 Fermuta Cove Suite 158, Port Tahirside, NH 53036",5,2025-04-05,2025-12-25 02:40:27.302368,2025-12-25 02:40:27.302368
Akyıldız Akdeniz,60,Erkek,00469901398,"382 Kısakürek Circles, Kızıltunçshire, NE 57563",6,2025-06-01,2025-12-25 02:40:27.302368,2025-12-25 02:40:27.302368
Av. Tangül Deha Şafak,41,Erkek,07354033173,"321 Demir Ramp Suite 581, Akçayport, MO 09624",3,2025-02-24,2025-12-25 02:40:27.302368,2025-12-25 02:40:27.302368
Sevim Fayize Şafak Akçay,29,Kadın,06385467854,"7013 Merva Throughway Apt. 227, Özalpsanshire, NV 26147",8,2025-05-17,2025-12-25 02:40:27.302368,2025-12-25 02:40:27.302368
Şöhret Sezgin,15,Erkek,0587-717 5355,"9465 Mevlüdiye Branch Suite 240, Hekimeton, AL 92691",1,2025-05-11,2025-12-25 02:40:27.302368,2025-12-25 02:40:27.302368
Öğr. Seblâ Alemdar Gül,45,Kadın,093 2 048,"40369 Şener Island Suite 666, Lake Heyvetullah, NJ 18729",6,2025-01-31,2025-12-25 02:40:27.302368,2025-12-25 02:40:27.302368
Musaffa Akdeniz,65,Erkek,423 5 369,"6242 Ahsen Cliffs Apt. 276, North Evcimen, SD 55008",4,2025-02-09,2025-12-25 02:40:27.302368,2025-12-25 02:40:27.302368
Av. Atnan Eşref Akgündüz,89,Kadın,07854777252,"278 Durmuş Viaduct Suite 653, South Nefiye, AL 76252",1,2025-02-05,2025-12-25 02:40:27.302368,2025-12-25 02:40:27.302368
Öğr. Sezen Üge Mansız Ülker,71,Erkek,0872 808 01 00,"846 Türk Camp, Demirelstad, DE 76557",7,2025-06-01,2025-12-25 02:40:27.302368,2025-12-25 02:40:27.302368
Nades Yıldırım Soylu,9,Kadın,231 2 038,"84781 Okanay Mountains, Lake Revzaside, AS 76474",9,2025-01-06,2025-12-25 02:40:27.302368,2025-12-25 02:40:27.302368
Gülbeyan Soylu,88,Erkek,+90(509)977-0088x600,"8077 Durdu Street, Şalistad, AS 39117",4,2025-03-07,2025-12-25 02:40:27.302368,2025-12-25 02:40:27.302368
Hürdoğan Sezgin,1,Kadın,+90(484)086-2118x2339,"949 Yorulmaz Roads, Zenginburgh, OK 07266",4,2025-03-16,2025-12-25 02:40:27.302368,2025-12-25 02:40:27.302368
Narhanim Aslan,8,Kadın,+90(454)615-6793x3410,"904 Çorlu Crossroad Apt. 442, Satrettinview, AL 97681",6,2025-01-04,2025-12-25 02:40:27.302368,2025-12-25 02:40:27.302368
Çisem Yılmaz,88,Erkek,+90 (666) 8700217,"275 Razı Tunnel, South Işıkay, AS 69626",3,2025-03-20,2025-12-25 02:40:27.302368,2025-12-25 02:40:27.302368
Atilhan Yüksel,63,Erkek,591 8 033,"29276 Yüksel Shore Suite 239, Bakiview, WV 15704",6,2025-05-14,2025-12-25 02:40:27.302368,2025-12-25 02:40:27.302368
Öğr. Çilga Hazine Sezer,11,Kadın,+90(401)489-0250x392,"7478 Çerçi Springs Suite 742, Yılmazport, AS 59328",7,2025-04-28,2025-12-25 02:40:27.302368,2025-12-25 02:40:27.302368
Dr. Tanses Dumanlı Çetin,81,Erkek,142 9 396,"018 Akdeniz Meadows Suite 544, West Sernurshire, MO 60939",10,2025-04-23,2025-12-25 02:40:27.302368,2025-12-25 02:40:27.302368
Aygutalp Arslan,8,Kadın,+90(562)185-0163x1599,"938 Tarhan Spurs, West Hayel, AL 88686",10,2025-04-04,2025-12-25 02:40:27.302368,2025-12-25 02:40:27.302368
Öğr. Uğurtan Erbil Hançer,35,Erkek,504 7 735,"61817 Bilgin Stream, Onurcanborough, AZ 03607",3,2025-06-28,2025-12-25 02:40:27.302368,2025-12-25 02:40:27.302368
Sonnur Çağlar Fırat Ergül,35,Kadın,+90(662)961-9431x1426,"391 Canberk Walks, South Sevgen, WV 85423",7,2025-03-03,2025-12-25 02:40:27.302368,2025-12-25 02:40:27.302368
Doç. Zümre Münezzer Ergül,33,Kadın,0655 110 47 54,"24471 İhsanoğlu Harbor, Sezermouth, KS 21730",3,2025-03-20,2025-12-25 02:40:27.302368,2025-12-25 02:40:27.302368
Çev. Meryeme Hüda Bilgin Demir,5,Kadın,+90 (212) 6788861,"66504 Akçay Mill Apt. 739, Akçayfort, CT 19358",2,2025-05-16,2025-12-25 02:40:27.302368,2025-12-25 02:40:27.302368
Gülel Demir,41,Kadın,+90(158)1995604,"91741 Bican Cliffs Suite 707, Lake Safura, AL 05460",10,2025-01-26,2025-12-25 02:40:27.302368,2025-12-25 02:40:27.302368
Öğr. Doğuhan Korutürk,28,Kadın,618 3 982,"56908 Güçlü Mews Suite 183, South Yalınfort, DE 74850",4,2025-06-28,2025-12-25 02:40:27.302368,2025-12-25 02:40:27.302368
Çev. İnsaf İnönü Fırat,7,Kadın,224 4 472,"4601 Duran Walk Suite 174, East Hümeyra, AZ 50854",8,2025-06-22,2025-12-25 02:40:27.302368,2025-12-25 02:40:27.302368
Cemiyle Gülgüzel Arslan,73,Erkek,+90 (264) 6471543,"615 Çorlu Roads Suite 320, North İlkbahar, OR 31759",9,2025-02-13,2025-12-25 02:40:27.302368,2025-12-25 02:40:27.302368
Okt. Cebesoy Gökay Yılmaz,72,Erkek,+90(993)712-4065x965,"478 Yıldırım Camp, Baltaşmouth, WY 95005",7,2025-05-13,2025-12-25 02:40:27.302368,2025-12-25 02:40:27.302368
Eskinalp Türk,12,Erkek,+90(569)245-9375x265,"87829 Beyler Camp, South Serma, AK 62264",1,2025-03-11,2025-12-25 02:40:27.302368,2025-12-25 02:40:27.302368
Saydam Feza Sezer,34,Kadın,0793-564 6519,"PSC 9032, Box 0204, APO AE 60294",3,2025-06-03,2025-12-25 02:40:27.302368,2025-12-25 02:40:27.302368
Tezcan Bilge,33,Kadın,09828073741,"17993 Kâmil Meadow, Tomurcukfurt, MD 16334",9,2025-04-28,2025-12-25 02:40:27.302368,2025-12-25 02:40:27.302368
Dr. Akyıldız Durdu Arslan,48,Kadın,724 3 426,"Unit 9825 Box 3092, DPO AA 08787",1,2025-03-09,2025-12-25 02:40:27.302368,2025-12-25 02:40:27.302368
Öğr. Selcen Şama Akçay,23,Kadın,179 7 968,"2582 Yüksel Prairie, East Demiryürekfurt, WI 21178",9,2025-01-19,2025-12-25 02:40:27.302368,2025-12-25 02:40:27.302368
Erginel Nezihi Demir,62,Erkek,+90(680)589-1135x2909,"00219 Seven Square Suite 232, Gülevmouth, MT 31860",8,2025-01-20,2025-12-25 02:40:27.302368,2025-12-25 02:40:27.302368
Koçak Soylu,88,Erkek,561 0 143,"USS Tevetoğlu, FPO AE 94505",1,2025-04-23,2025-12-25 02:40:27.302368,2025-12-25 02:40:27.302368
Seydo Şener,37,Kadın,+90(889)937-5679x8250,"456 Işın Freeway, North Gülseren, CT 81624",6,2025-05-20,2025-12-25 02:40:27.302368,2025-12-25 02:40:27.302368
Binışık Bilgütay Sezgin,44,Erkek,+90(146)112-5457x387,"3403 Gençay Spur, Soyluburgh, GA 88337",5,2025-02-16,2025-12-25 02:40:27.302368,2025-12-25 02:40:27.302368
Binay Huban Demir,86,Erkek,(717)751 4010,"PSC 0543, Box 6459, APO AA 06178",6,2025-01-01,2025-12-25 02:40:27.302368,2025-12-25 02:40:27.302368
Yrd. Doç. Şahdiye Hafıza Öcalan,35,Kadın,(123)828 2586,"220 Zorlu Crescent, East İmgemouth, OR 76491",10,2025-03-31,2025-12-25 02:40:27.302368,2025-12-25 02:40:27.302368
Serfinaz Çamurcuoğlu Dumanlı,65,Erkek,+90(362)266-0937x966,"531 Bilgin Courts, Lake İlmafer, VI 26709",5,2025-05-22,2025-12-25 02:40:27.302368,2025-12-25 02:40:27.302368
İncifir Sanavber Hançer,47,Kadın,+90(334)1918255,"79706 Mengi Ridge, Akçayfurt, MN 18379",6,2025-03-05,2025-12-25 02:40:27.302368,2025-12-25 02:40:27.302368
Tandoğdu Zeynelabidin Sakarya,78,Erkek,07147859696,"543 Yaman Bypass, West Esentürkville, PR 61519",5,2025-02-07,2025-12-25 02:40:27.302368,2025-12-25 02:40:27.302368
Teber Bilir,3,Kadın,+90 (557) 9249912,"3492 Melikkan Plaza, North İlkim, PR 68890",5,2025-02-06,2025-12-25 02:40:27.302368,2025-12-25 02:40:27.302368
Bidayet Aksu,1,Kadın,(134)125 2866,"774 Şehreban Meadow, East Tunçkılıç, NE 76452",4,2025-05-06,2025-12-25 02:40:27.302368,2025-12-25 02:40:27.302368
Uz. Savni Arıel Aksu,5,Kadın,0966 278 28 27,"060 Bilkay Street, South Gülsiyefurt, NJ 91812",3,2025-05-19,2025-12-25 02:40:27.302368,2025-12-25 02:40:27.302368
Kösemen Dumanlı,14,Kadın,0225-790 5072,"3180 Akça Forge Apt. 543, North Cihanport, GA 92684",3,2025-04-10,2025-12-25 02:40:27.302368,2025-12-25 02:40:27.302368
Çev. Atiyye Bilgin Arslan,27,Erkek,06887676772,"7262 Şener Mountain, Port Pesentland, MS 91039",4,2025-03-18,2025-12-25 02:40:27.302368,2025-12-25 02:40:27.302368
Servinaz Belkize Tarhan,9,Kadın,+90 (903) 4043842,"6498 Uğur Common, Şirivanton, NY 88929",9,2025-01-03,2025-12-25 02:40:27.302368,2025-12-25 02:40:27.302368
Çev. Özerdinç Özinal Şener,79,Kadın,+90(978)819-1485x807,"65790 Arsoy Extensions, New Özayborough, DC 44400",2,2025-06-10,2025-12-25 02:40:27.302368,2025-12-25 02:40:27.302368
Mazlum Demir,15,Kadın,+90(361)340-7451x7133,"793 Tiğin Knoll, Fatinurchester, KY 07639",9,2025-05-14,2025-12-25 02:40:27.302368,2025-12-25 02:40:27.302368
Dr. Bilgütay Erten Alemdar,42,Erkek,(962)923 3095,"7881 Demirel Place Suite 795, East Aşhanland, CO 51708",1,2025-06-27,2025-12-25 02:40:27.302368,2025-12-25 02:40:27.302368
Arpağ Yorulmaz,77,Kadın,+90(498)254-4948x1260,"PSC 4112, Box 4127, APO AE 27273",1,2025-01-10,2025-12-25 02:40:27.302368,2025-12-25 02:40:27.302368
Prof. Gökten Tevetoğlu,51,Erkek,0223-253 6729,"6827 Seven Mills, West Karlukhanland, AK 30952",5,2025-01-05,2025-12-25 02:40:27.302368,2025-12-25 02:40:27.302368
Sehel Edaviye Ertaş,63,Kadın,0667-116 8457,"9557 Ertaş Hollow Apt. 424, South Züfer, LA 06703",6,2025-05-31,2025-12-25 02:40:27.302368,2025-12-25 02:40:27.302368
Rahiye Kumral Zorlu,52,Erkek,+90(590)175-1863x637,"2928 Akçay Extensions Apt. 231, West Maşideberg, NV 34633",6,2025-05-18,2025-12-25 02:40:27.302368,2025-12-25 02:40:27.302368
Öğr. Bezek Tevetoğlu Türk,4,Erkek,0545-892 9750,"055 Âdem Mission, New Taciddin, DE 03767",3,2025-06-21,2025-12-25 02:40:27.302368,2025-12-25 02:40:27.302368
Doç. Musaffa Şehreban Eraslan,23,Kadın,+90(170)1277063,"75208 Şensoy Squares Suite 749, Port Kutun, VA 58448",7,2025-05-10,2025-12-25 02:40:27.302368,2025-12-25 02:40:27.302368
Aydinç Bilgin,15,Erkek,0424 154 15 20,"702 Tanır Burg, Mansızbury, NV 47345",9,2025-01-13,2025-12-25 02:40:27.302368,2025-12-25 02:40:27.302368
Çoğay Tarhan,43,Kadın,436 1 103,"398 Sayın Flat, North Gürtenmouth, TX 88523",10,2025-06-17,2025-12-25 02:40:27.302368,2025-12-25 02:40:27.302368
Ünsever Türk,29,Kadın,+90(129)387-0051x627,"USCGC Akar, FPO AA 42150",8,2025-05-10,2025-12-25 02:40:27.302368,2025-12-25 02:40:27.302368
Öğr. Rafih Şensoy,36,Kadın,+90 (361) 1155426,"562 Arsoy Lights, Akalanport, MI 46553",6,2025-03-25,2025-12-25 02:40:27.302368,2025-12-25 02:40:27.302368
Çev. Gülbani İlper Şafak Şener,13,Erkek,0218 909 27 53,"137 Sezgin Mills Suite 266, Port Muarra, PA 11783",8,2025-03-06,2025-12-25 02:40:27.302368,2025-12-25 02:40:27.302368
Dr. Sirap Ergül Seven,32,Erkek,0697 311 21 96,"8519 Çorlu Avenue Suite 462, Demirelshire, WV 18448",5,2025-03-04,2025-12-25 02:40:27.302368,2025-12-25 02:40:27.302368
Mujde Ülker,71,Kadın,(652)341 3899,"8704 Soylu Points Suite 300, West Süvari, SC 83936",8,2025-04-11,2025-12-25 02:40:27.302368,2025-12-25 02:40:27.302368
Boztaş Gürelcem Seven Sezer,59,Kadın,0043-898 3640,"2730 Sayin Park Apt. 959, Durduchester, VI 34305",10,2025-03-14,2025-12-25 02:40:27.302368,2025-12-25 02:40:27.302368
Çev. Rabbiye Alemdar İnönü,86,Erkek,07613791805,"158 Rafih Estates Apt. 257, West Günver, AR 36240",4,2025-01-17,2025-12-25 02:40:27.302368,2025-12-25 02:40:27.302368
Muvaffak Avşin Hayrioğlu,28,Kadın,(269)658 2710,"44818 Pürçek Falls Apt. 928, Temirhanport, KY 90343",10,2025-01-09,2025-12-25 02:40:27.302368,2025-12-25 02:40:27.302368
Muvahhide Demir,66,Kadın,+90 (043) 0068486,"89520 Gülay Haven Suite 765, North Merzuk, FL 66480",8,2025-05-23,2025-12-25 02:40:27.302368,2025-12-25 02:40:27.302368
Vacibe Alemdar Yılmaz,42,Kadın,618 8 924,"988 İyiyürek Mount, North Eroğultown, NJ 46141",10,2025-06-01,2025-12-25 02:40:27.302368,2025-12-25 02:40:27.302368
Öğr. Ayşenur Gülenay Fırat Arsoy,45,Erkek,+90 (418) 3285691,"79852 Yıldırım Summit Apt. 322, West Erensoy, IL 17568",2,2025-02-07,2025-12-25 02:40:27.302368,2025-12-25 02:40:27.302368
Dr. Selime İnönü Yorulmaz,62,Erkek,0630-316 1799,"Unit 6110 Box 7603, DPO AE 04799",5,2025-06-12,2025-12-25 02:40:27.302368,2025-12-25 02:40:27.302368
Ertuncay Durmuş,57,Erkek,+90(421)0202758,"1401 Ülker Branch, Port Erdoganborough, OR 26718",9,2025-04-04,2025-12-25 02:40:27.302368,2025-12-25 02:40:27.302368
Ferihan Dumanlı,6,Kadın,+90(425)241-0564x8149,"12495 Aksu Walk Apt. 891, Port Melûltown, NC 28943",4,2025-04-05,2025-12-25 02:40:27.302368,2025-12-25 02:40:27.302368
Dr. Asiman Şener Tevetoğlu,28,Kadın,+90 (778) 5079252,"80138 Arsoy Square Apt. 712, Çerçichester, IL 67904",6,2025-02-18,2025-12-25 02:40:27.302368,2025-12-25 02:40:27.302368
Doç. Bozbağ Görgünay Durmuş,28,Kadın,0191-380 0030,"1718 Erbay Track, Çağlarport, OH 95152",1,2025-03-10,2025-12-25 02:40:27.302368,2025-12-25 02:40:27.302368
Savni Seven,44,Erkek,+90(562)208-6353x654,"1647 Tarhan Ville Suite 386, Şükriborough, PR 09624",9,2025-03-03,2025-12-25 02:40:27.302368,2025-12-25 02:40:27.302368
Ebuakil Karadeniz,84,Kadın,+90 (951) 8023806,"PSC 7520, Box 7167, APO AP 86818",1,2025-06-27,2025-12-25 02:40:27.302368,2025-12-25 02:40:27.302368
Mürit Baturay Şensoy Karadeniz,30,Kadın,+90 (744) 5187053,"66912 Yunt Flat, Koçakfurt, DE 31023",5,2025-03-19,2025-12-25 02:40:27.302368,2025-12-25 02:40:27.302368
Oliver İhsanoğlu,62,Kadın,0949-375 9738,"9946 Güçlü Shores Suite 784, Port Ayşeana, CT 16516",4,2025-04-27,2025-12-25 02:40:27.302368,2025-12-25 02:40:27.302368
Ufukay Kutgün Seven,75,Kadın,02060385050,"20101 Tarhan Burg Apt. 695, West Nürice, RI 13127",3,2025-04-30,2025-12-25 02:40:27.302368,2025-12-25 02:40:27.302368
Öğr. Heva Ertaş Durmuş,89,Erkek,413 8 367,"3477 Duran Junctions Apt. 061, Dumanlımouth, PR 49828",6,2025-05-17,2025-12-25 02:40:27.302368,2025-12-25 02:40:27.302368
Kayrabay Akar,62,Erkek,+90(241)0386571,"28427 Yaman Inlet, Soyluville, OK 88977",2,2025-06-11,2025-12-25 02:40:27.302368,2025-12-25 02:40:27.302368
Arifcan Aslan,1,Kadın,+90 (826) 1990623,"8280 Eraslan Park Suite 954, Bayruhantown, OR 06414",3,2025-03-17,2025-12-25 02:40:27.302368,2025-12-25 02:40:27.302368
Okt. Türknur Kerime Alemdar,27,Erkek,0456-557 4313,"9056 Şükri Key Suite 650, East Nayil, SD 41408",5,2025-02-04,2025-12-25 02:40:27.302368,2025-12-25 02:40:27.302368
Fazul Gül,62,Erkek,0912 127 75 61,"1520 Türk Mount, Durduhaven, MH 55704",9,2025-01-01,2025-12-25 02:40:27.302368,2025-12-25 02:40:27.302368
İmrihan İde Ülker,77,Kadın,+90(537)474-1124x9035,"056 Hayrioğlu Ports Apt. 713, Ergülhaven, AS 87976",2,2025-02-09,2025-12-25 02:40:27.302368,2025-12-25 02:40:27.302368
Av. Faize Dumanlı Duran,3,Kadın,0135 680 44 20,"6371 Sevdi Greens Apt. 496, New Cevheri, VT 76285",10,2025-03-05,2025-12-25 02:40:27.302368,2025-12-25 02:40:27.302368
Okt. Müsemma Durmuş İnönü,70,Erkek,788 3 171,"1987 Bilir Key Apt. 484, Ülkerside, MD 26725",8,2025-05-30,2025-12-25 02:40:27.302368,2025-12-25 02:40:27.302368
Sevdinar İhsanoğlu Hayrioğlu,72,Kadın,0100 323 65 19,"878 Aktemür Road Apt. 973, Aslanside, AS 81034",2,2025-03-01,2025-12-25 02:40:27.302368,2025-12-25 02:40:27.302368
Veis Yüksel,27,Erkek,0101-372 1510,"083 Ertaş Drive Apt. 246, Hayrioğluland, SC 27181",5,2025-03-05,2025-12-25 02:40:27.302368,2025-12-25 02:40:27.302368
Hasgül Akdeniz Öcalan,9,Kadın,+90(029)667-0662x532,"2493 Yüksel Crescent Apt. 303, Benekfort, OH 57665",7,2025-04-03,2025-12-25 02:40:27.302368,2025-12-25 02:40:27.302368
Bayan Muarra Sonnur Demirel,62,Erkek,0472-099 9347,"24204 Ülker Plaza, Lake Atgun, VA 64181",8,2025-03-13,2025-12-25 02:40:27.302368,2025-12-25 02:40:27.302368
Nüdret Ülker Çetin,37,Kadın,870 1 462,"59416 Ülker Shoals, South İsraberg, IA 15172",1,2025-01-11,2025-12-25 02:40:27.302368,2025-12-25 02:40:27.302368
Okyalaz Türk,51,Erkek,383 8 065,"984 Akgündüz Course, New Ercihan, WI 41580",6,2025-04-15,2025-12-25 02:40:27.302368,2025-12-25 02:40:27.302368
Onuker Zengin,44,Erkek,+90(875)985-6420x593,"363 Dorukhan Extensions Apt. 476, Musaffaton, NM 70423",1,2025-01-14,2025-12-25 02:40:27.302368,2025-12-25 02:40:27.302368
Cemiyle Bilge,24,Erkek,+90(407)8593213,"8673 Akgündüz Tunnel, West Canan, VT 48701",2,2025-03-01,2025-12-25 02:40:27.302368,2025-12-25 02:40:27.302368
Dr. Yekbun Sevgen Yılmaz Gül,79,Kadın,04803965223,"900 Orgün Plaza, Hançerstad, MH 90317",1,2025-01-30,2025-12-25 02:40:27.302368,2025-12-25 02:40:27.302368
Kürşad Bilge,59,Erkek,(590)599 2937,"6064 Çorlu View, West Mahir, VI 21502",5,2025-02-04,2025-12-25 02:40:27.302368,2025-12-25 02:40:27.302368
Arıel Güçlü,32,Erkek,+90(427)010-3930x8705,"PSC 5604, Box 1776, APO AA 94530",10,2025-06-14,2025-12-25 02:40:27.302368,2025-12-25 02:40:27.302368
Naide Mansız,88,Kadın,02525002921,"48156 Ertaş Square, Port Ağmurburgh, SC 58618",9,2025-01-05,2025-12-25 02:40:27.302368,2025-12-25 02:40:27.302368
Bezek Akdeniz Şama,52,Kadın,+90(515)691-5452x2675,"63459 Duruöz Estate, New Ülke, WI 85590",6,2025-03-24,2025-12-25 02:40:27.302368,2025-12-25 02:40:27.302368
Miyesser Şener Demirel,62,Erkek,0895 392 64 42,"7724 Verde Ramp Suite 431, Arsoyburgh, MO 49957",1,2025-05-03,2025-12-25 02:40:27.302368,2025-12-25 02:40:27.302368
Av. Zevlüde Türk Mansız,58,Erkek,0096 902 95 93,"USNS Yıldırım, FPO AE 73708",1,2025-03-19,2025-12-25 02:40:27.302368,2025-12-25 02:40:27.302368
Elöve Şener,52,Kadın,+90 (725) 1355215,"73420 Mansız Meadow, Gençayland, MN 22799",2,2025-06-03,2025-12-25 02:40:27.302368,2025-12-25 02:40:27.302368
Halenur Burcuhan Şafak,12,Kadın,+90(043)315-4100x676,"USS Yılmaz, FPO AP 69423",9,2025-03-03,2025-12-25 02:40:27.302368,2025-12-25 02:40:27.302368
Çetinsu Temizkal Demirel Bilge,39,Kadın,0676 586 17 93,"713 Kayagün Wall Suite 476, South Kırgız, PA 28755",3,2025-05-12,2025-12-25 02:40:27.302368,2025-12-25 02:40:27.302368
Mishat Buyrukhan Sezer Hançer,2,Kadın,0710 405 41 15,"Unit 4362 Box 6204, DPO AA 31366",1,2025-03-30,2025-12-25 02:40:27.302368,2025-12-25 02:40:27.302368
Alattin Hayrioğlu,3,Kadın,0621 815 99 70,"9710 Yaman Well, Yurdaserfurt, TX 28316",5,2025-02-11,2025-12-25 02:40:27.302368,2025-12-25 02:40:27.302368
Filit Idık Arsoy,56,Erkek,296 2 015,"941 Irıs Circle Apt. 537, Neribanton, AL 33748",7,2025-03-30,2025-12-25 02:40:27.302368,2025-12-25 02:40:27.302368
Uz. Hezniye Yurtseven Seven,81,Kadın,03688444310,"6528 Merim Fall Suite 287, Beyhatunberg, CO 42092",6,2025-05-26,2025-12-25 02:40:27.302368,2025-12-25 02:40:27.302368
Uz. Cannur Çorlu,59,Erkek,987 2 050,"41502 Bilge Village Suite 564, Nirgülview, NC 41527",1,2025-02-09,2025-12-25 02:40:27.302368,2025-12-25 02:40:27.302368
Hazine Soylu Çamurcuoğlu,2,Erkek,149 7 310,"7287 Karcan Drive, East Kalgayton, NJ 34609",5,2025-03-13,2025-12-25 02:40:27.302368,2025-12-25 02:40:27.302368
Ekmel Ertaş,2,Erkek,02417146774,"1707 Demirel Points Suite 771, North Velitdin, CO 27204",5,2025-02-08,2025-12-25 02:40:27.302368,2025-12-25 02:40:27.302368
Sevim Eraslan,54,Kadın,+90 (862) 5652704,"84993 Gülinaz Trafficway, South Birsen, IA 65789",6,2025-04-14,2025-12-25 02:40:27.302368,2025-12-25 02:40:27.302368
Ülfet Ertaş,87,Erkek,+90(743)490-2115x869,"41659 Topuz Drives Apt. 177, Şenerview, PA 86747",3,2025-01-14,2025-12-25 02:40:27.302368,2025-12-25 02:40:27.302368
Zöhrehan Ferhan Erdoğan,1,Erkek,08068687937,"975 Maksur Wall, Port Saryaport, MD 07780",5,2025-02-01,2025-12-25 02:40:27.302368,2025-12-25 02:40:27.302368
Okt. İmrihan Melikkan Şener Şafak,19,Kadın,0160-898 9921,"64236 Aköz Walk Apt. 266, Seferberg, DE 39632",7,2025-06-28,2025-12-25 02:40:27.302368,2025-12-25 02:40:27.302368
Sevgen Akdeniz,2,Erkek,+90(223)320-6163x294,"492 Ülker Court Suite 837, Akgündüzfurt, NJ 35691",5,2025-05-05,2025-12-25 02:40:27.302368,2025-12-25 02:40:27.302368
Gülmisal Nurveren Akdeniz,53,Erkek,(116)868 5487,"65926 Çorlu Canyon Suite 732, Fırathaven, CO 38604",5,2025-06-15,2025-12-25 02:40:27.302368,2025-12-25 02:40:27.302368
Dr. Havali Kısakürek Durdu,44,Kadın,+90(998)6162299,"4224 Gülev Meadow, Leyliton, OH 10532",5,2025-04-07,2025-12-25 02:40:27.302368,2025-12-25 02:40:27.302368
Ümray Mehdiye Sezer Arslan,32,Erkek,+90 (191) 4856467,"PSC 8186, Box 6179, APO AA 47091",10,2025-01-23,2025-12-25 02:40:27.302368,2025-12-25 02:40:27.302368
İnançlı Ülker,70,Erkek,+90(024)629-9606x530,"017 Kader Ville, Türkland, MT 92825",10,2025-03-04,2025-12-25 02:40:27.302368,2025-12-25 02:40:27.302368
Kâzime Yılmaz Durdu,32,Erkek,+90(450)544-4713x247,"794 Çamurcuoğlu Well Apt. 321, Tansesville, NE 70542",3,2025-05-23,2025-12-25 02:40:27.302368,2025-12-25 02:40:27.302368
Tali Âdem Soylu,68,Kadın,(469)137 3678,"02776 Hançer River Suite 641, East Akboğa, ID 15169",1,2025-06-02,2025-12-25 02:40:27.302368,2025-12-25 02:40:27.302368
Hanbiken Şemsinisa Sezgin,55,Kadın,(082)148 6289,"37236 Canberk Hollow, Mançofort, NE 03360",5,2025-05-25,2025-12-25 02:40:27.302368,2025-12-25 02:40:27.302368
Gürcüye Gülev Mansız Eraslan,75,Kadın,+90(233)0307053,"777 Aylil Prairie, East Soyselçuk, OK 51846",9,2025-02-22,2025-12-25 02:40:27.302368,2025-12-25 02:40:27.302368
Tekecan Sakarya,56,Erkek,0578-610 3579,"66799 Türk Oval, Soyluhaven, OR 95477",1,2025-04-14,2025-12-25 02:40:27.302368,2025-12-25 02:40:27.302368
Gökçil Özertem Dumanlı,17,Erkek,+90(279)855-2414x060,"08069 Durmuş Circles Suite 671, Mansızstad, NV 91925",3,2025-04-14,2025-12-25 02:40:27.302368,2025-12-25 02:40:27.302368
Sezal Kader Gül,38,Kadın,0933 334 68 00,"3757 Ferinaz Forges, Nazıdilmouth, DC 38956",4,2025-06-28,2025-12-25 02:40:27.302368,2025-12-25 02:40:27.302368
Aybora Çamurcuoğlu,24,Erkek,+90(229)034-9446x657,"5729 Selvi Spurs Apt. 722, East Neptün, NM 13726",1,2025-02-08,2025-12-25 02:40:27.302368,2025-12-25 02:40:27.302368
Müferrih Ruhugül Akçay,69,Erkek,0374-896 9108,"3380 Yaşattin Green Suite 228, Port Başhanmouth, NE 15439",1,2025-06-28,2025-12-25 02:40:27.302368,2025-12-25 02:40:27.302368
Bekbay Çetin,70,Kadın,(899)441 7154,"374 Çetin Knoll, Port Irısview, MH 20316",8,2025-05-14,2025-12-25 02:40:27.302368,2025-12-25 02:40:27.302368
Yurtseven Tule Çamurcuoğlu Aslan,86,Kadın,(444)328 3096,"077 Dirlik Tunnel, Port Kezbanton, NY 14317",2,2025-03-08,2025-12-25 02:40:27.302368,2025-12-25 02:40:27.302368
Çev. İlmafer Akça,11,Erkek,(207)446 6609,"52478 Gül Ways, East Seferstad, MA 18559",8,2025-05-15,2025-12-25 02:40:27.302368,2025-12-25 02:40:27.302368
Prof. Mehdiye Korutürk Bilge,16,Erkek,05387584282,"6037 Arslan Parkways, North Rüknettin, MN 94243",7,2025-06-28,2025-12-25 02:40:27.302368,2025-12-25 02:40:27.302368
Dilşat Ertaş,73,Erkek,0172-482 5135,"328 Çetin Forks Apt. 666, Akçahaven, WY 89918",10,2025-02-11,2025-12-25 02:40:27.302368,2025-12-25 02:40:27.302368
Berran İnönü,59,Kadın,04655494717,"2081 Ulutay Island, Öcalanburgh, NE 08557",10,2025-01-15,2025-12-25 02:40:27.302368,2025-12-25 02:40:27.302368
Av. Ulutay Yilmaz Tarhan,70,Kadın,+90(999)1738168,"290 Seven Locks, İmgemouth, PW 45610",2,2025-04-21,2025-12-25 02:40:27.302368,2025-12-25 02:40:27.302368
Çolpan Arsoy Çorlu,80,Kadın,0602-235 6972,"926 Şensoy Ford Suite 563, Bügetton, ND 44343",6,2025-06-06,2025-12-25 02:40:27.302368,2025-12-25 02:40:27.302368
Alaz Eraslan Duran,3,Kadın,(217)525 0074,"843 Fitnat Plaza, Güldermouth, WV 83821",6,2025-02-02,2025-12-25 02:40:27.302368,2025-12-25 02:40:27.302368
Muvaffak Kanak Tarhan Korutürk,20,Erkek,02927129666,"943 Gül Manors, Lake Baydustad, KS 82681",3,2025-06-04,2025-12-25 02:40:27.302368,2025-12-25 02:40:27.302368
İlklima Kısakürek,59,Kadın,760 0 835,"17490 Şama Freeway, West Süha, LA 87915",2,2025-06-13,2025-12-25 02:40:27.302368,2025-12-25 02:40:27.302368
Deryanur Hasgül Güçlü Yıldırım,36,Kadın,+90(583)0033542,"683 Turabi Path, Port Yetişal, NH 13344",1,2025-06-06,2025-12-25 02:40:27.302368,2025-12-25 02:40:27.302368
Şeref Bilgin,19,Kadın,+90 (689) 4210447,"1106 Cannur Forest Suite 158, Zenginside, NC 52245",6,2025-02-07,2025-12-25 02:40:27.302368,2025-12-25 02:40:27.302368
Tenvir Alemdar,67,Kadın,+90(985)625-7532x6033,"677 Alemdar Estates Apt. 827, Yamanhaven, VI 69856",5,2025-04-07,2025-12-25 02:40:27.302368,2025-12-25 02:40:27.302368
Doç. Menişan Rehime Demir Yaman,19,Kadın,0309 821 50 64,"7028 Çamurcuoğlu Crest, Demirville, MN 75443",9,2025-06-04,2025-12-25 02:40:27.302368,2025-12-25 02:40:27.302368
Aktemür Göken Soylu,20,Erkek,+90(909)010-0167x6184,"54544 Yıldırım Turnpike, East Musaffa, MT 06877",1,2025-02-02,2025-12-25 02:40:27.302368,2025-12-25 02:40:27.302368
Aytek Elöve Akgündüz Duran,71,Erkek,+90(230)461-8499x261,"USNV Akgündüz, FPO AA 28757",7,2025-03-27,2025-12-25 02:40:27.302368,2025-12-25 02:40:27.302368
Kerman Ertaş,52,Kadın,+90(914)117-3934x8356,"18510 Güçlü Ports Suite 975, Güçlüberg, WV 18657",5,2025-03-07,2025-12-25 02:40:27.302368,2025-12-25 02:40:27.302368
Zeride Sabihe Zengin Korutürk,33,Erkek,0208-737 5300,"7251 Kısakürek Fort Suite 580, Korutürkview, SD 12104",5,2025-01-10,2025-12-25 02:40:27.302368,2025-12-25 02:40:27.302368
Kıvılcım Şensoy,40,Kadın,+90 (197) 2181143,"481 Kaşif River, New Güldünyaborough, WV 62869",2,2025-01-05,2025-12-25 02:40:27.302368,2025-12-25 02:40:27.302368
İvecen Oganer Mansız Seven,39,Kadın,+90(447)012-0455x611,"82043 Çilga Villages, Çorluside, PA 42500",3,2025-05-03,2025-12-25 02:40:27.302368,2025-12-25 02:40:27.302368
Atiyye Sezer,82,Erkek,+90(022)5579415,"0562 Yıldırım Wall, Çopurview, CO 15527",7,2025-03-15,2025-12-25 02:40:27.302368,2025-12-25 02:40:27.302368
Günsel Selvi Dumanlı Akça,1,Erkek,(216)674 6762,"Unit 8242 Box 2412, DPO AA 53883",6,2025-04-07,2025-12-25 02:40:27.302368,2025-12-25 02:40:27.302368
Av. Işıman Ayvas Tarhan,11,Kadın,+90 (202) 1697972,"520 Sözer Loaf, West Fennichester, MH 42996",2,2025-04-28,2025-12-25 02:40:27.302368,2025-12-25 02:40:27.302368
Zinnure Neval Yorulmaz Gülen,57,Kadın,590 2 771,"33993 Zorlu Terrace, Akçaville, KY 08448",6,2025-02-07,2025-12-25 02:40:27.302368,2025-12-25 02:40:27.302368
Gülev Demir,89,Kadın,701 4 508,"70630 Durmuş Radial Apt. 382, Lerzechester, NV 11499",2,2025-05-21,2025-12-25 02:40:27.302368,2025-12-25 02:40:27.302368
Dr. Gülşa Şahinder Yıldırım Yorulmaz,50,Erkek,05889163756,"58238 Çamurcuoğlu Point, Türktown, GU 61403",2,2025-06-08,2025-12-25 02:40:27.302368,2025-12-25 02:40:27.302368
Heva Yaman,23,Kadın,0890 028 77 21,"USNV Şensoy, FPO AE 00572",2,2025-02-16,2025-12-25 02:40:27.302368,2025-12-25 02:40:27.302368
Argu Karadeniz,31,Kadın,+90(535)408-3866x317,"9465 Minibe Ville Suite 028, West Cebesoyfurt, UT 16619",3,2025-04-19,2025-12-25 02:40:27.302368,2025-12-25 02:40:27.302368
Songurkan Bilir,42,Kadın,+90(971)775-1701x660,"3985 Şener Green Suite 435, Mahsunmouth, PA 43552",2,2025-06-29,2025-12-25 02:40:27.302368,2025-12-25 02:40:27.302368
Okt. Öngen Bilgen Çetin,7,Erkek,+90(801)994-8837x5503,"097 Adlan Spring, South Hüsnühâl, MH 91791",4,2025-01-15,2025-12-25 02:40:27.302368,2025-12-25 02:40:27.302368
Eyyüp Akdeniz,16,Kadın,+90(589)975-7113x055,"118 Tagangül Mills Apt. 569, Öngenburgh, MP 91862",9,2025-06-06,2025-12-25 02:40:27.302368,2025-12-25 02:40:27.302368
Bedri Duran,60,Kadın,0885-102 7261,"Unit 1753 Box 7030, DPO AA 89702",6,2025-05-16,2025-12-25 02:40:27.302368,2025-12-25 02:40:27.302368
Gökperi Demir,2,Erkek,0933-163 7351,"PSC 5319, Box 4337, APO AA 05323",1,2025-01-05,2025-12-25 02:40:27.302368,2025-12-25 02:40:27.302368
Behrem Yılmaz,1,Kadın,091 7 798,"36149 Aksu Plaza, Lake Kâzime, TX 89942",8,2025-06-06,2025-12-25 02:40:27.302368,2025-12-25 02:40:27.302368
Havse İncifir Hayrioğlu Yıldırım,48,Kadın,0708 086 97 82,"92124 Gülev Stream, Kayrabaytown, UT 89333",7,2025-02-16,2025-12-25 02:40:27.302368,2025-12-25 02:40:27.302368
Çev. Alkor Yaman,12,Erkek,0216 995 86 69,"870 Şensoy Spring Apt. 566, Erbilhaven, NH 65456",10,2025-03-09,2025-12-25 02:40:27.302368,2025-12-25 02:40:27.302368
Arş. Gör. Dilsitan Banü Güçlü,69,Kadın,04654722698,"304 Duran Mission, Abdülkerimfurt, ID 44371",3,2025-03-17,2025-12-25 02:40:27.302368,2025-12-25 02:40:27.302368
Prof. Nevsale Uğur Zengin Sakarya,37,Erkek,0858-333 9452,"361 Koldan Expressway, Taylakland, SC 82459",1,2025-06-22,2025-12-25 02:40:27.302368,2025-12-25 02:40:27.302368
Arş. Gör. Güverçin Şirivan Türk Gül,32,Erkek,0885 158 79 96,"0954 Doğanşah Mountains Apt. 505, North Naz, RI 57979",5,2025-05-10,2025-12-25 02:40:27.302368,2025-12-25 02:40:27.302368
Sevican Asu Yorulmaz,9,Kadın,+90(460)810-6200x3424,"110 Çağlasın Island Apt. 207, West Nezizechester, CA 13847",4,2025-06-04,2025-12-25 02:40:27.302368,2025-12-25 02:40:27.302368
Av. Rafia Şafak Tarhan,19,Kadın,0204-380 5719,"6619 Bilgin Way, South Ögemouth, WY 56613",10,2025-04-05,2025-12-25 02:40:27.302368,2025-12-25 02:40:27.302368
Okanay Yavuz Çamurcuoğlu Dumanlı,48,Kadın,+90(386)384-0666x5800,"0785 Doğuhan Cove, New Ügeland, OR 25878",8,2025-04-25,2025-12-25 02:40:27.302368,2025-12-25 02:40:27.302368
Atagün Hayrioğlu,80,Kadın,0397-359 8933,"PSC 2845, Box 6797, APO AE 32371",1,2025-06-13,2025-12-25 02:40:27.302368,2025-12-25 02:40:27.302368
Apaydın Yaman,3,Erkek,0721-228 1606,"24968 Hançer Prairie, East Bilay, ME 79580",10,2025-02-05,2025-12-25 02:40:27.302368,2025-12-25 02:40:27.302368
İlper Durmuş,20,Kadın,0842-294 0572,"89203 Şavki Key Apt. 331, Karlukhanfort, UT 91181",1,2025-01-26,2025-12-25 02:40:27.302368,2025-12-25 02:40:27.302368
Nurser Tevetoğlu,24,Erkek,+90(259)0947985,"Unit 9599 Box 5946, DPO AA 21771",4,2025-02-12,2025-12-25 02:40:27.302368,2025-12-25 02:40:27.302368
Servinaz Tülin Tevetoğlu,54,Kadın,+90 (583) 2818268,"3033 Mansız Forest, South Şeyda, WI 43953",8,2025-01-27,2025-12-25 02:40:27.302368,2025-12-25 02:40:27.302368
Dr. Dilşat Âlemşah Gül,33,Kadın,+90(615)335-5543x9878,"62050 Yağın Burgs Apt. 247, Lake Miray, PW 47675",5,2025-03-10,2025-12-25 02:40:27.302368,2025-12-25 02:40:27.302368
Melihcan Dumanlı,24,Kadın,+90(157)3993056,"34234 Umutcan Vista, East Kiyasi, AK 23579",2,2025-05-28,2025-12-25 02:40:27.302368,2025-12-25 02:40:27.302368
Öğr. Hanedan İmam Ertaş,75,Erkek,+90 (648) 4085887,"26153 Ertaş Garden, Zülgarniburgh, NC 82185",6,2025-01-11,2025-12-25 02:40:27.302368,2025-12-25 02:40:27.302368
Ruhugül Gül Sakarya,72,Kadın,+90(043)581-1288x013,"22338 Sezer Landing, Nataliachester, SC 32554",5,2025-03-15,2025-12-25 02:40:27.302368,2025-12-25 02:40:27.302368
Salimet Hayrioğlu,36,Kadın,06138612075,"PSC 9938, Box 4253, APO AE 83005",2,2025-04-14,2025-12-25 02:40:27.302368,2025-12-25 02:40:27.302368
Nurdeniz Manço,38,Kadın,+90(110)2481934,"973 Bilkay Turnpike, East Feryasfurt, WV 85051",3,2025-02-07,2025-12-25 02:40:27.302368,2025-12-25 02:40:27.302368
Dr. Buşra Karadeniz Çorlu,84,Kadın,676 6 506,"8725 Fırat Square Suite 774, Şenershire, SD 05298",9,2025-05-14,2025-12-25 02:40:27.302368,2025-12-25 02:40:27.302368
Mengi Sakarya,89,Erkek,+90 (809) 1901581,"3634 Akgündüz Lane, Port Çaltı, KS 72662",7,2025-01-23,2025-12-25 02:40:27.302368,2025-12-25 02:40:27.302368
Elvan Çisem Yorulmaz Zengin,25,Kadın,0491-476 6072,"7853 Beray Passage, Şevketmouth, NH 57190",7,2025-02-16,2025-12-25 02:40:27.302368,2025-12-25 02:40:27.302368
Dürrüşehvar Seven,18,Erkek,+90(326)842-4508x8210,"4602 Bilgin Greens Apt. 514, Port Saydambury, CT 16044",6,2025-03-31,2025-12-25 02:40:27.302368,2025-12-25 02:40:27.302368
Safinaz Ayçan Arslan Tevetoğlu,82,Erkek,+90(996)8814353,"353 Eraslan Hollow, Kayagünberg, PR 99117",8,2025-02-15,2025-12-25 02:40:27.302368,2025-12-25 02:40:27.302368
Nefaret Cuheyna Durdu,66,Erkek,822 2 394,"44566 Birgül Shoal Apt. 633, South Nas, NC 77440",4,2025-04-17,2025-12-25 02:40:27.302368,2025-12-25 02:40:27.302368
Bişar Ülker,54,Erkek,01290878141,"751 Akdeniz Field Suite 637, Akdenizside, AK 49613",8,2025-05-20,2025-12-25 02:40:27.302368,2025-12-25 02:40:27.302368
Öğr. Deryanur Ergül Akdeniz,35,Erkek,0139-755 2314,"0755 Şafii Manors, İnönüside, ME 43240",4,2025-05-21,2025-12-25 02:40:27.302368,2025-12-25 02:40:27.302368
Dilşat Laze Durdu Bilgin,80,Erkek,+90 (357) 7594929,"25999 Kısakürek Ford, Erdoğanside, MS 25186",8,2025-04-14,2025-12-25 02:40:27.302368,2025-12-25 02:40:27.302368
Av. Övün Şilan Tarhan,61,Kadın,(562)053 3645,"741 Dinçkol Spring Apt. 097, East Korkmazalpland, PW 51080",9,2025-04-21,2025-12-25 02:40:27.302368,2025-12-25 02:40:27.302368
Tanbay İhsanoğlu,41,Erkek,0577 754 78 12,"8170 Fırat Branch, West İlgi, MO 21083",3,2025-04-14,2025-12-25 02:40:27.302368,2025-12-25 02:40:27.302368
Asiman Akçay,33,Erkek,+90 (428) 3411080,"Unit 2867 Box 1632, DPO AE 41101",3,2025-03-01,2025-12-25 02:40:27.302368,2025-12-25 02:40:27.302368
Mevlüdiye Çamurcuoğlu,68,Erkek,930 8 488,"99493 Aslan Flats Apt. 271, Tevetoğlubury, NC 43609",2,2025-06-20,2025-12-25 02:40:27.302368,2025-12-25 02:40:27.302368
Necva Yılmaz,33,Kadın,+90(256)394-2788x165,"PSC 7779, Box 0147, APO AA 92292",10,2025-04-10,2025-12-25 02:40:27.302368,2025-12-25 02:40:27.302368
Av. Beyda Durdu,14,Kadın,+90(039)282-7229x9275,"9263 Nurmelek Street Suite 762, South Zerideton, IA 21201",3,2025-03-09,2025-12-25 02:40:27.302368,2025-12-25 02:40:27.302368
Belgizar Manço Korutürk,21,Erkek,+90(373)1453038,"137 İnönü Plaza Apt. 511, İlbekmouth, GA 33631",3,2025-05-13,2025-12-25 02:40:27.302368,2025-12-25 02:40:27.302368
Aydinç Korutürk,48,Kadın,(677)005 1844,"0176 Korutürk Locks, South Arıkol, AL 33348",5,2025-04-30,2025-12-25 02:40:27.302368,2025-12-25 02:40:27.302368
Karataş Seven,20,Erkek,+90(926)659-1846x3865,"7771 Hazine Shoals, Lake Altınbike, DC 62208",5,2025-02-06,2025-12-25 02:40:27.302368,2025-12-25 02:40:27.302368
Okt. Ferhan Nirgül Hançer Gül,8,Erkek,(779)082 7231,"09124 Gülşa Streets, Aksuland, TN 01970",2,2025-03-13,2025-12-25 02:40:27.302368,2025-12-25 02:40:27.302368
Özpetek Tevetoğlu,7,Kadın,+90(432)225-9136x5177,"5230 Arıpınar Square, Port Rojnuhaven, SD 87341",10,2025-05-07,2025-12-25 02:40:27.302368,2025-12-25 02:40:27.302368
Alkor Manço,67,Erkek,+90(392)603-0299x228,"4709 Aytek Trail, Öcalanborough, IA 49606",6,2025-04-16,2025-12-25 02:40:27.302368,2025-12-25 02:40:27.302368
Prof. Tartış Yorulmaz,17,Kadın,+90(920)2428699,"PSC 3106, Box 0053, APO AP 88181",5,2025-04-02,2025-12-25 02:40:27.302368,2025-12-25 02:40:27.302368
Esenbay Dumanlı,33,Kadın,+90(413)7977236,"220 Zorlu Coves, Tolonbayside, SC 25345",6,2025-01-31,2025-12-25 02:40:27.302368,2025-12-25 02:40:27.302368
Öğr. Şemsinisa Selime Seven,48,Erkek,0929 842 57 99,"1331 Hayrioğlu Extensions Apt. 650, Bilirmouth, IN 09153",1,2025-05-02,2025-12-25 02:40:27.302368,2025-12-25 02:40:27.302368
Günebakan İnönü,76,Erkek,+90 (366) 2103886,"950 Mestur Loop Suite 971, West Cüneyit, PA 43014",5,2025-05-17,2025-12-25 02:40:27.302368,2025-12-25 02:40:27.302368
